taxi_id,trips_count,total_trip_total,total_trip_seconds,total_trip_miles
0041f8f0c91881c1e1913f2548522495fe3c4c719aa67fd2483ebbcc22e0aa1bfff2cddb32c35cde3ad9766b0e8d44c04ff5dfdcf1035462ba81a13e3ba6b8f9,2913,39178.27,2202348.0,10998.4
026680639419aa9f5c6a661503df648c66c6621db33fee1c962aa046f31d84aad3db5277414db7651a6fbd9683aeb234029305d23293e87843c273b6eabdc8e9,2640,30574.61,1879561.0,8432.6
0300862a19483bcacac6176544abf331b8a3d41ec6efda29f206dfac6305ce2565e74f09768f37b32bd0cff245af48008d2168e50c66b8823db763366b7b6b12,4876,55647.65,3615213.0,16032.7
0309e367d50b97dc7c5d764697737bfac5e6d048f7279840efbfdd7295ad9afbee306c07bc41eb4a5ef5853e560e911158baf0a50d0ea87c4df2ee692b6ce405,2140,25117.329999999998,1511325.0,6681.1
03cc788ae35f829575456d05381274aab1700ba7b0ea78148c14e1998e00d97d60d5dfce9120c490f5121bd940a47637974eae70c746dfa8c84cd7df25ffb5da,5539,74161.11,4446724.0,21127.1
0423a2c129f6c40cb6fa76d3c75d1ccfabf46419f5de47dbf33100112914f87c299afc751127a1ffd9616f4a3d994b6e91ffb8800513c6883972ad7c8d3fd703,7560,94147.12,5764370.0,24496.0
08e4c675f870d249230823ad91ae3549849d86ae58c4e85105e73aaabad9ce1c2f34a4694504034ede824f85df0867d15a1fdd5632cc197e9def7b65db18d2a2,5909,73818.68,4067020.0,19988.6
0af4876d70205ccc2682e6d853d19bf42a30ec9f80fea208f453975e61c55fa740561028b4b80c922da55dcee028e7ddd55e6b69aca25d204e3f0ac7b5cf53c3,3459,41500.22,2574246.0,11235.0
10a6907d312f530c01cdb904c680f61907c2f2598ff455c8e90b561422862780c29bc14ea2d749a443a65347709b3a96aea54c92ff8d55da4815f564d8f96a4a,6474,86543.73,4881604.0,24878.5
12bfcfb8715a63cacb9a4bc127f622071bab27b36a8488cbeccd3b5698b3f8ea9292662b3468f8d4668f1b84f5a96d8fd4436522abad8b8994c7ad40309a1805,6464,79030.23,5074396.0,22034.4
150cb8d9e9ba1b14d5fc174512b5a94d85d59e87f00e04b6149338088b8f1dcd6579a0e4b28da6464605266f8ddbae451dde8a015e390103bbd47a1c1f5b2667,5034,68746.09,4105798.0,19910.1
153cb22f850a08c9f53fad42c06ae36f72e23b58abeeaaa38dbda50123ad9387fa76bb8dd4b0d45039adb61efaefda573b7f0cd7a9e177de58b31fdd806172ec,1706,23631.76,1378745.0,6571.3
1685066aa7ec2d10661aa328fd7bc8599e0096a7154666f19f4bcd922d432c8e130bcb466e9ebcd60af4c012c5bffe495c2c2f9ba8fc435d8b64600706de4d62,3329,51412.14,3299053.0,15296.2
16c9cec3bf7e9c7a75a8c64e649e390af508e6e9694b80a53dbfc7c8b9d042fa3ea4865c340212681fcb81403dbafca1186c6d58d5beafce7773460d09c393d4,2161,29745.25,1682749.0,8705.3
17d9b7691aef7770e5a9e499426b26049100251dbb41dd8717b42954de963b9c7b3abc00cf2928233c830650bd9ad3b4660b4ccb645b0075e054c6ed755bbe91,2502,34299.93,2077893.0,9469.5
180b2a6d689cccad88413fb5ad24145cee508ea5269a4fe5af48cfe631372d276a6a3a95a0380ab58f055ce89f47c6f5ac280beec2c151000819365012aef9a3,3261,36067.46,2240873.0,8679.3
1c114e5643a23a88fbb15ccfb348e3701da56499e231177fa2ab51e8309999c3c4151aae23c35ef71714d795617461da4a5ae67928973dc634075ed5add22ec7,1819,25557.36,1678021.0,7327.4
1cc31b2f4d76828088d8adc7d136e984affe23cb1e9c2ad355094248c394e17896468a3ab27b3184e484402200ad3d43d151d248d2663dcff236b2def78edb85,505,6795.88,389484.0,2027.2
1ddba847fc4de45b48ae8fad94d4508f65725b899d5baa960de948d719f8044a2ccad212f9689d28a66d2903e35e097e919fa4c00477e3a8cf6fad8abbe38b76,6104,76971.81,4392292.0,21354.8
1f56b52fa8331c29e2db4edc37ce8938eaaf1dd3c659ed78daccdbc804be55dbf1ba5a37dd3b4b3c2e6d485e80f443600b07df0df55a19ef0184f703fbacb534,2655,34616.14,2024658.0,9303.4
1faf91220a6cf3f0796171853d220b94ea854732990c5674ae519cfa76806973dc8ff011cec176172e51e2622a8edb6c619ddc30fe5a4a0c1e6f58d46d948644,2304,34091.7,1914871.0,10104.8
2104bcfe571fe3f25079dec505fa48dfd86072a7a85c7bba744558a3714e29a01892e054eab767c575a21b318387d1e672f756030bb03bdd5aa2a2f06eec3594,4458,49108.2,3034164.0,13613.3
213cb87b9353531cbe1f6094a0456d586c651015cb15a5e4e1307a31abc82cb001a1648fe128e44775be12ae763caef3e468187344771118f8541e149c4548d9,5733,84686.3,4519269.0,25025.4
223702c6155649517dcb9f4860ae0fa2669903bbe7d54fae5475cd9677fc8230ad3f1bf9721b88063fb7a3e7b153de9a2e27521d15392ae203f9b17169833607,2818,36790.33,2187777.0,10085.0
22c06e3ec9587da0d7536065869f2da9965faf286be5837d6cc0472ba7098e51a103200268fec604e4da8fc8fdc604d877bd6be66ea74bb305e5efc749ce9d09,3939,42619.61,2701020.0,10649.0
22c14626f6bfb534f0181e4584ad8bd04d7f988f254d9f04a5ca8a000d0cf601bb373e31701a613c023760af2458d94c11084879ad30fa1c644e1086f2e312ce,6941,86964.03,4817406.0,23164.9
23b9866f90ca40c6f83dad34292294e07e864e5b284a7dafa6f67d060a9b3be73864c1e4cf8d8a7da2b6bbb1935c02f812d38f1556e56be6de4a5b9917507105,5886,74397.41,4462592.0,21465.0
257a2a2470d7c964f3ccb30bad62658b0e63aadd59e8d62836106fb867f84b433546373abfa195770a5345088da8d1bfbf45d7c0dc736470a660070b758e18c4,203,2274.86,126660.0,598.4
295c0344fae82b9685fbe4fff7851fa382262dfaca5092c8d2eebec5f02ae04c35ffe1d072e157a4d89a0c337e412918da70cb267d161edefab0cbb81eae1a93,1638,19696.95,1204845.0,5354.4
29f0036be86a5830f9f045527766d16967c8330b9da28e178dfacc7c17216759f3997e00ac43333ce6a3c2811dd3e0c7a08e219439a79cd1d2b19d13af9b790c,4303,51988.87,2910472.0,13508.4
2a039eb3d54951234edfbc2388c1578942063b3b3277aa936c1dbb432c2c7632c4cadd250cfe8cea69df85668e44452ecf88feb410ea8a57faddc617f6ade2d7,2035,31941.6,1759246.0,9698.9
2bf9f0a25f68acc4b7a626db3c45b2af37069e683684a6c82de499988a3917104291e78f190920e96b520e2b74b7da6abfce821c3bcc8bc8c8467f143d06b1c2,1173,23675.79,1315144.0,7508.3
2ce840b44fa244ea47dfb86afff69589a13c283fa7b3caca4a0cbdaa43fad512a3c37f41f6880bbac5567d091b1b47ba135b1b2bee61a5cd88d11a9406e2228b,6780,89362.52,5312688.0,24350.6
2ec07cbb1d4cdb047db73f997c29d1e1f126dcdab65658837d4580e860a7f2ec4eba74b5ee6155e28969e9ecc5b63cd745f0b5fb53245b3b0d4aae38cca5011d,188,2763.87,128144.0,748.6
322630536b6fae63312b46cb1ddab0df9493b49a3eb5decc1f6877df612635317b87068aa89d1107157b16c8f97eb2fd3a4bff1034b717fa0fbddac94c9661c9,5470,68516.66,4164305.0,18116.9
325822c24b90e28594c09e37bef34615727e284addd53742169b6000033d30162c09f84cd49f6c87b1c41ae1ec1bf459f6b51b1b896ba144a8934d5e5b44603d,5288,60569.02,3362383.0,15712.8
3300ef4ef04f16fe8224adee10ae27ccf7a13236c94fbdc1ac7c2ad805a0143b10228c75fb1a75b5c033eb2ce49c7d71e20917e3ede6afa67e702b33eda7ac6c,4249,85622.3,4527662.0,28981.3
330e2cfa9d185d86bcb2ada3aa163288a41506e678e3125ae6fd325bd055b39cb6295b44a5f4ea58c7b05114576ff180228767d5d9649c73a5748ff7108aa970,3384,48033.04,2929779.0,13705.2
341cead8979074196f3231099ef811c4e905d7031dd6d7474e73483dce7fc666624798bac917ccc5bc8237cf33cdc0fb287db88a93ec53fc5472d3c8255d9eca,13756,144184.5,7867756.0,37575.9
34420c09ddb5a66884e00ab8322230f6c75705582d608dde16ad25ced37809796729102563e8ae518531f0f4271868bf3f2aa42e0661fdeab32024d6d853437c,6260,74046.27,4266893.0,19700.2
35a442cf7913c9ddfbcd75d97179667ee556898e8d8b55dc8ee989778501bbc217188081eb2a3c2ac4c4e321a38aec14bbd08e4b61938f6a332676c9a4638237,5258,59241.39,3601559.0,15111.5
368c2fe7411b3ba707de6ecc150eacc272f347c45202e865e4002c347b3a03d6ccb804e2ae8da9cf4f229b9740ed58cc120b5e348a26a8b49d31489106fb55db,2424,32314.28,1874841.0,8931.4
36e5256c59cdf8630cef91591da02b0d6f6d77a0a946888bcb6b5e84af503e8ef1bcb9382102ba541f44c94be785707a874e18ef2a41e205fc810eaa3d3d7bf3,3132,48351.06,2676946.0,14879.7
381073dbf3ae4b93be75dce656280b6e97811a6fb3571094f7ed7a4f672ea86d5119d818eaebaf0ed22ccdc25fe004e56e504e707555e479fc50c840f330f268,165,1614.52,90373.0,403.3
39c4050e0bb9b128806d0e38f02385d245e734df83ff1d87676b1a294a40709034d3baad30789f64b9072ca071346d183acd392737678ac71f2ccc9f78d42695,6723,78626.72,4412717.0,21124.2
3a48885f15669a1014b21c0c42213778bc14dafa34ed96c3f33ecf8db6a471960e011bc19b22959bf9862da48db95118674e5560cbdff6d77c022bd899b69457,1112,15579.02,973864.0,4587.2
3a4ea954d4316a9f964becc37dbd73ecd4cd47cb9b8948bf5c61b3d6e61cf4fdc3e1b9fb1ed7137256ebf90ef39ed239fdd9ad882c9e084c669e56e83b47deac,2567,27088.39,1624835.0,6041.9
3b6f6ca381f164253171136e5ab4d752da5ec9223ea20fc37bd526a5984e1d7183382aad2fb8d99e5a9012963f5957b50f7316b94191d39f4a8f2bd558885e44,1990,26227.56,1592946.0,7350.2
3cbdc624a4ef03ecd064f284467041ab8077b80cceffc364a99b7b7e88088bf181b41313041db85bfb1fa82c96db22c6ec42fffbe859c677b63c811b9adbfa19,3881,46042.86,2835987.0,13037.7
3cf0a8ef30c60ae259efadb4c062c71991a590e106f956a253afd394a0f27f45628e5169b97d1d1c8599f6fea7fc367054d8985bfa3f1cafd91757547d6400fb,9701,118283.85,6838761.0,33999.2
3d40d8f1773ed97088a0ae1f9438846e0b80e89fa5c97fa7c73833203f624618bc7b2f6393758fd91f72764fb5f51001287112d0d68f9a167c0968c9c89732f5,2472,28483.59,1599093.0,7776.9
40e551f9ee122fa5a62002a4a653e5fe3fe7739318b20872d3595f98ca265d39c33a605750b4e3f5f9667a7f195e24d3836120d88f915afb39bbfea9502610ec,2875,36350.87,2108234.0,9978.7
40fd22404c574889d0d3a27e8d26e6b1c9fc3a5fb41b5795a7a0ddd660e492b87b8cc6acaa268a395eba9f075ebb609d8e94d55338f171548146fab920b195e5,2244,27873.51,1841778.0,7677.8
41a36425261b1f11b76cfb1e34fe8483c0d1517b452353597cbf8539112e24e14b2196965da3a2b6e898b1b8f97d8ce1579dec2a7bb10ae51e3b9fd0eebf8fe6,8827,97585.37,5777888.0,24332.8
43ef7f4566fea42196dd20301358f1d375ebcb921e3a3aef0f8ae59c0265c798f90ce4b855ab8a73f37ac80bb61abfc5c51dcd8b855fe998d49ae8a363a71813,286,3468.4700000000003,179604.0,920.5
45b499c75ab5b737af29fe68299330dcf0a41a140a8e4a0c7848e2ee9ab1666793ce3b343cb32be2c84758d0453a9b940ea626b71061142b353052ebef3792de,3640,75256.9,4147841.0,26721.1
476c0017d13687fac2a4fc4c45c9dd1d8a1fb3dfb0da84c90db600ad0fe1a7f7b2c6e4f311efcc3440e71892534f5083838f94b8021447cb71347b854830d2eb,6032,69205.52,4243958.0,18878.2
4a7ecb44d4bed73317a84e6793cbc8bae7015e0a633496bee743fe4c179c79cc9507be85dc96920f24e83ababdd61e14d9f08761b0672625384a01bf5db1b839,4828,56265.84,3495875.0,14995.0
4dee082550df0ce050828e9136e0d006b6daa586f5ef7f4766256650fb7717e11b957f7e6ba3a4b317b2914ad70a93b485af025d7b49fa730cfda2a51202785c,2400,33113.73,1817893.0,10045.0
4e8b558dc6742b3e05012d7529c1fbf138546b3f3e61f3d321d568661d6dedb4fa96ff41e92a850398f653691fbbabd26823488a6649bab72f1d7abeede1d508,8554,111675.22,6274016.0,32045.8
4f668f85788daa1fd884be02dd75752700bca77c2a9a53959f28751b90b20f5a4c3f0bb35f9f07f325cedb934b6851a66a9d524305652f461768be9e7cf2acb3,2624,34603.02,2047761.0,9485.6
50142176d90fb9c95a38ae58b5ecd2aa8f7c49b54ff90b98bf778d307250fcb9a4ff0da20863e0014517f425572b798a7033d8f9f7df36f3be954c16571d2f74,3699,57226.24,3248277.0,17432.3
50fd36d5b8ca93535bfef3269ccd7c0f36dc63e55d503a0c6ada13a2f2302864babc5d7fa7dc3c78124bdc93a96c6d5ff6bbf9edaa7b82bb1167dabf18be77bc,1400,24830.920000000002,1390910.0,7884.7
52adf033bb533b6bd92cb6b683766bbfe9f239be7cc40c0c1804d0b5755c08eddc1328a42efd64e2d7dfe7f04769b2a1499433ef3bd032b5f57f60d17a3265ed,6617,91299.32,5256888.0,26720.5
53de0dbfc9e66a4ae663f3383fbbf41032653d04aa87007a3583585c3e79258d87ffb7cb342586f73aa690d69f51ad88ef29a3370b6d681ed78b5a20726d9ded,2598,40788.44,2411694.0,12043.8
55046f224fe55c857982adc1eeda0d2b083e3b1c1eab1a846a32ae00a5e9816b230f541701c71664606a6ce8a5c5a32d57170cf6b219fef58082da5587080e95,3962,42034.25,2876090.0,9811.7
56ebda9e81151ebf0a9cb18439158956e9b2262f4d80f3c508fefc1c443dda8cdebfd3e71c9084d3606438745735f66789a240f7a0c0e8a723a87c5fde14a92e,3394,53917.82,2884249.0,16802.9
56f1931a0c8e8a64a681c2f40dc4a512cecf7bd646f15982c76839698a77402e6d9422fbc819487fc2b6e9660ca2d45edd31e21c8d114088c2c7e1c79f681973,3321,37095.32,2192227.0,9531.9
5866e731fed5c82556c87a73b3ec2e19dd13d4cdc46a341b98f62590a68c44a319b7dd8641956a012079dc18e85e48dad0cb2cff696127e84d5efd157d467b27,5293,62444.08,3659597.0,16116.2
587aaccc096fdfd5a3a683bee38b1e16aaebf0df7c80ed495b1094e1a6d7d60b6948385e8eea8e97ca297e964d7358c5aa899cde8dc8e4d5cc2446187e662fc8,4598,53389.36,3133324.0,13949.1
58b30580817487ad4df0d8093e7770c1f34fec52f2426ffeb49ca06173962909b586d26d3b64b653b9cc7b601cd22ae3ff8d4ab158dada1f54b53f5ad86dc7cc,6104,79952.15,4541101.0,23027.7
58c784c628cc2b0b77468e6a406acea729301abbc17a6240eed68ac3b5ce5a9378deffab5b2b940db6c83e7c9553eacd8fdb8d10593e071cefffe2b388af3bd7,6291,82575.47,4585909.0,26080.4
59f174de213e9f745ae188f2cc9db91f966e7e18e3d3d66fd55e2e43acb7ed0ea05637472bdec517d974a7265004165e035284572cd863c25aef71c8842142f3,5090,75092.18,4496071.0,22088.6
5c1fa688d3a8f6869272a68a78afb7dfa57cd2e3baa8d359628960b35c085437bf180532f80b9b7dbaa92e5d5d5508c01596861059c5500dd1fd23599c6dcb25,775,13940.52,813517.0,4280.4
5d7636d4b116cb2074313e3aa986f60e6a2c6e9d139ee195c3b5b6b118380ec3015690da0d8ef341be6877c476c249dfb2dde878a82e61da4003738a2e37d85f,1376,19608.01,1182971.0,5797.7
5eac444af144fca7873ee6adb92594ba02d1fb64a516fdb007745369b1370c7fada0c0025eed87a3d148be51f6a38d7b9a01839600f2956770eb87c27b0a4d37,2933,34244.62,2138636.0,9187.9
5f7765c52d980d9aa8ec18e22238a879028bcc404188d0386f113500e535268e98a360be84189ef8a2dcfb545886a25b20bbadd8cc4d053b09ba098e870db833,5587,74810.21,4499781.0,21325.3
6161b78168fb8a51b06c3994f62522e1d21390a969e3b143fef021089396dc3e09774b53b6a6b03aba1add38e132f04d6be3218b85a959c241c0a5f2170c35dd,6810,83019.03,4857894.0,22384.5
61fd073ccedd569e0cbc77c5e8cfae28684a29d37a18f01ccd50164a851fccfba326d9be0fa012e63829551330e8ff3de24ab47cfc2548ae033cd487aabea361,7331,94036.15,5205705.0,26712.3
641c9356c873f4b5fb13d4b2f70d8b4d4b7b2c9805727284f91e0b267d95ef99815b3ecd18ed25b9daedb0ad0ddf0c4173e1d5d0ee99137b184a6f8c062f0b2c,2086,24624.18,1418138.0,6382.8
64375e2b26ec87f4da6e0c3b8887d949b8e91e9072a428b4433b3dd18722c50feb3be4456f9ce897346c8ed7c7ae7c72e6646ce3b6af81f9d49490d8e4f4d855,4858,63516.32,3715766.0,17921.2
64462077d1577c4a55e4c497d4a19e663e4c9d23b13b1071a427c3240707fc67447cb7b95e99105ce2ab0ddf541b05cbe1c7ff2bc28d0906c8a38aa71ed1b201,9,37.15,111.0,0.0
666216b5f5a52f085505fe96fdb477d5c2a9b80ed772658a5767624ac2a87876e111fa42ddc2614c4f9c2dfeee75b2c6301f1385c1185890915134ad09f3f74e,4330,85082.81,4540959.0,28359.4
678095878a2306fa01b08e520d914baaf2ace4999c5118f1acfd5a144f58b2e80bc79d9007ce5bf3e7506ef733fb76067a9fc5896d56c4acd4876f0cdd9db2d7,910,10327.99,517127.0,2636.4
687e3ef9daf087b79188bf0fea27f22cd5786b0cda0c802ad500c781b83e1405930cf3d36f4e92bc1176031645262ccc92cde501857ba0e271f4680807bec0dc,2775,33283.54,1920871.0,9071.9
6aeb4a88ff55ac575e3ef10ef32622967534bd48fb9ba6f3ebcb97b182cba5a8513335b2533b132c4f2e5ecde030e9fce3877f769603ecefae3ffe0c049b8e49,5489,60909.84,3825940.0,14524.5
6b13f64954003e46e0831bab52e2593cacb51d69a49be67e8af5b9e10bae302143586ea85471afd0abdcdb892edabea9b28b5fa574c56bd0b6e8616259c29d1b,4110,48562.35,2807187.0,13060.1
6b76f128c41cb623a7768f21d1eed44de233cf533eebd08f3f5d30c1627923befee98e60f90bd8c204480ff4e7cd12396386d1585895fd172e605ce8b45e2f87,6063,65796.63,3868783.0,16682.7
6bc9a4b2f488c8531e48dd2a8c10459515b486fc16d78ae70a6244b99096d2658cf51cf9dd981a8aa05f3d7e6fa46809dbf53e80125333a9d4d336701f4a63e6,139,1659.89,88716.0,457.5
6c6cc4c518e70492231337ec2a17326e405aa40ad33ee5476ae03da97fd492e9b5c0629b844060ebdc72d85af6ecf741a16cc602b3dbf9dde7b356fc915db043,1748,28321.2,1621239.0,8801.9
6d713653060ecdea87977f52347616222d8d43921341ec38052485a003b9122b8973f8b165bbac0cfbade63e80f0a9b03fb30a39ab4f92452214e7dc27aa29e5,1810,31982.35,1800899.0,10012.6
6e0a0360a9107f3cc0064a80f49f33a7f53e8aa6232d66b590bf83fca4277b3c6203ac04f2d404fdf6a57190cd50530fce8f585b9f122aa4cf98ff0c255e9f2e,6509,79012.01,4694461.0,22994.9
6f0b7eabe6937b1fa433fdd9dcc630ba10a3d95b824b2e8f238b63696c3e99bc5c69c15fb408ddef4c49a177f1f07507dc90411bebc2c99d19b9c1649b7f017b,4105,67080.63,3973668.0,20274.6
6f4196b48b07e4e955131d29b94981a9d1ce571e8099c5a22f49fc0b38fdbadeb6d7c4525de2f6cc62e0cb8bed044343b07bc2cf473fab722466012676c278f8,2575,34441.16,1964634.0,9744.1
7274daf07dd4da878465e03ee2f72165d7e044bcde1c2c0c6ae74a0cc1626b8f4bbf895d70b18d522bc2be82dd058ea0a35e9105b3aed6dd912916bd170981d9,6493,80993.17,4430012.0,22985.0
72920f6ebc5830d39039323cf78a316085444eb8f8b27236f0f7a357fcdef7e58bbea454b63ea564d65ecef89c688606725689733c927cd86e2e16ce8b63bf07,3950,55637.49,3268940.0,16202.5
74ec1551363cdcffdadcc2e4d63620f021954a2c1d75b2d38dd1d579bad41fba7dc90ab7815cd7e35957612463be727c5049b02e3d4c32c01fbb4386ed204820,5028,57341.32,3327943.0,15215.7
7555f3aecc6ed3619f5e16fb9836afa9df7ee98d7ec261f5be88fb44ab81dff83f9292792a65316ab6a3a92764c8944ea4a56c9649bc4673c0f621b5549a3d96,5111,61072.14,3716838.0,16618.5
777918874d6122ba000dfee0e79aa1d3e71af774c4e4db82e0cb7e1a30a4839dac81b3dfda4e50f3626ceb8e9d3e307b836c7ca68dc1149c798861420055c98e,2942,39324.7,2486321.0,11342.7
77c293089364b3b6e57866472146a042cdb4998a686b6285554bf915b1738947419d94a20de474becc56613f2b3848a3e8c1da5529c4b11a1735f5f13998e4df,3799,45517.59,2765830.0,12323.5
77cae6a9e4ce953c603048f153a9b43ed0ee3485c3958e0802d939aed68ecf3e174df5b4d5ac8e6ea84736222f9a7f47e64b7f7dea08d28596532200c9fc0cc3,6182,64325.79,4370377.0,15196.2
77e03a2a400d614e52b7b443e98c5b14f68448f6133f4a35be78693fbc8abb0935bdc1e1d883779205a825eaec78730ba9f5a9a5e8beaf6998e2bcb16295c29d,9520,109172.46,6160841.0,28569.9
783c959e13345041969042574f134d1b9c9816dbfd73a7612335fbc48c24a87c39029ba9093607d5f1786fd444c4b19c80fe201a3055d4a723ea5dd8416ec592,2789,34749.32,2071784.0,9125.9
78d4c31f72d1a5c5121db8c597ac33b8de4575fbf5cfe6698e98c9d03773cb6dadda7cb69c670c9af0892b890c0de7a16f5f7125da7581c052f298cfbb800234,2447,33804.17,1918178.0,9760.5
7a8e1d733e82192304f70e5cdd311ce576a01a8409988704e7789f4c3984590f888138f22bc4eca48e18700d5280343b6366d05038b4835c3808f029ce7ae80b,2282,24407.24,1442387.0,6348.5
7a94870d6dd64df1780e28ebf8ca00311621929b717fa4081d4c476fe4dee4469db07c62388fc97517590883cda61fdc2497ab25f4b699a4d4fb03f53407c334,3127,33655.16,2232586.0,8219.3
7abf21809bb043cd98a7da5af365dd60088d19d08076f0e8eb76076ca071fb1965572cae625aa743839c7a58bab11481e93ca43a6bf004b5b901a6b77f3e5af1,8025,113188.27,5956208.0,35708.0
7d80792fca2516fa6532807f21f9a667fb5d6f8bdb9f955d868ad09b73497a37269a84fc7c470488fbcaafee8550cc2082bebd62ba841cf69513f21b02bec926,2562,35870.21,2147044.0,10612.1
7dd80633118de4a33357f864d8e36442278fca095d484021e38920104d519315f35599c265e95c1932cef429243d0c396c1f84dce9dee5773459aead5345a3e2,1205,17424.35,1001925.0,5249.7
7e578e36c039cde0bfd06ba476de08ffa2fcd69726a801d2c5ca5ca9ea8f3147ea571aa9d7cf24d5a4f927e69ae014966d9822519a5f185189bf70d736c78a4d,11,34.12,876.0,0.0
7ffcb3571e557603b63179d18b25326932d2a2144b14fb8bb1e720f66375fae3fb080ae65015c078a874a566901b81f3a3d87dc0112f2b7ff8e66daa217c5f31,5849,77290.18,4221224.0,22756.3
807f82595e67582251c7abcdde792543facfa8792727326c4528282eb098127c5d4735e821dfbb7fc06e9c303b3e99f8fcbf72761d03765e91d3504fd01bd5bf,7359,92066.81,5413767.0,25428.3
81a3c8596bd2a9ea035f69e26345ff9c6aac4e0fcf2ab34aa95e4b8328725f7ae339ee05b641a62affe8df657b5d4fdd2d32f52d151f111fae74afc1cab10484,6086,73528.15,4370039.0,19952.0
81bc2020b8536280419b3e152ad07a0c5b9f53cbb503a0e4e2b49254d4e359759e76256dab04c95c0ed69ddb5a89ce1f45d8db67bd7fbb101f91417b4ce3d271,2677,30060.64,1840073.0,7305.3
81e50b99d35d234c09f2ff7764159b3963a6896af6c07ab83dc9402c8cf1441ffbc618ce122d7e1ca9544807ae3f6490c7769d85721b8fe0d9d5607a87335b86,6755,89917.83,5225178.0,25387.6
824726452b94cfd411500410b26d1d60e5e07ada21556dbe125f715dd99249a63342560e3c0e09a2d4647104a55682a7d60ebe8d4ec1ed11c72177b97a802d69,6326,79882.36,4341532.0,21603.3
825ba557b43ce787e35384453facf99941fbf6a3bfc30a069fbf8b1b02fdc15396b76b21d7adc87d3bd266fd3b5f3884aabfcc459d5b334efe0b0064a0c274f8,8475,100638.48,5920904.0,27251.1
8307cf9433f0293eee99c6944aeab484521d9cd9b1fce59472580dde77dbb981858564b8de50202efa8fbb2904755e092e70f94524bf3b6c015f852181998c7e,8192,116067.96,6896258.0,34340.0
83475bc1d2aba20b9ba898587da42d6ecd319ad5328a35d7686c94bfbc8aefe4ebc23c7bb92ef0e8f6773ef2483dbdc8e15df98672a81f7728c6df04cdf5aa4e,4372,90745.8,4642365.0,31615.2
849930a73e61db5b1375686b06073b52e56e9d372546cf8ba4b79d7cb1943d15a0d607779670c4d5094b283b3a94db8e96a330c1169d5173e5ea182abf6595cd,5263,84411.18,4450253.0,26629.0
849aae5350fb22b8de2063a4f75bb82cbc4ec0ac52d1d86771f13909e3189bccc15702bbb0d6be0997c715a41ed663523fbe69c350c00399be43656621defbbf,3390,35034.51,2171854.0,8365.4
86cd7f7f072283bc71f09a8bdddf7d0d4c92971f4275371d84c8c3e466c1daab301af8d3531c0eb4aa837129f2c33b25b22721ffe27177d615e7d6c8ba2adeb6,4685,60864.59,3215031.0,17198.7
887b2728097b2d9f149774b8cc04fe9d80b9221506ef8c47038235414010bf62dc8b009374ab2c8a20cc0be93fe0f73093b7cc8bbeb7f5eee1d313c04d66b2e0,5989,77846.12,4238960.0,22690.8
88a493149cafbde5ddde0280c77cc90c26a015c260df782862778150cb2e0dfafa209fad1dd859dd247e43970899c6dbdee5b033cd68ad5beae5af387cd1c55f,7523,98538.28,5691954.0,27052.1
893683eb87b249386617c4bcb07ce2eb38fcfca481aa806d2a7b97d06ba76fa5f89ea018e5714543dbd293d61e6d51c4aff4e4ef399a16bf4e8985b5eb91e271,6459,79722.19,4976237.0,22004.5
8a7a9d350d752cd6d0d4d8581a0525d3a6e34c8aeb868dbe83b20840b12a68084bc6ba1818b1bccb5b77b1f49252fc1c4ef5ef1f3dd02b5bd83e1742ae004864,7723,91547.45,4908858.0,27562.5
8d244ca7880d8bc577b2df7437881d2541771e62fd57a7470e16ed8e6e614b799df8bc44c86a11789e86661bcdc4f30a35463f6bc9ec0fa5ccf9a4fafb68edc9,38,435.44,24588.0,126.7
90a71f0b104d6482286aeed6f5c74e096cc71d9cf766b78295487811df6d4e32a41b3051ed962c8fd50a2aa4361a16cd6a921c0102316948ff730c10eadd3566,2716,34469.75,2008642.0,9505.9
9281d0b47824a78a6c2b5073747d844d8132bacdb03f86be33c3301db74f5fd574a382daf5769e49d729f9ec0a5d8d1e4d5869bd7fc4dbfa1abc13aafc5e94a6,2519,26854.15,1460267.0,7642.0
931225a382fc38a75212f9d358439aec0d9b50fdaf32ad72ab675712c03e407a9bf99bea5f85136dd82fb3044040ee8854facb01d586e9715aec7dd1ae602d69,3557,42726.65,2679756.0,12275.8
95408f6a067421373e372f608c8f5f609b816d8bc9a747d19268389e0ef1d5a51001f6abb6dd312816772606a553c8f013948bad60b7617ffb8d6f85a2bb48ca,2824,35221.06,1848268.0,9915.6
961821de614d231063968f208b3459b4cf63051528c3f8bd5ba058c3b5ababfe30c72209067e9dfece49bf49f5a19f78feda573817a433a64a5dc54391bfbf99,726,18886.25,1009895.0,7176.5
9643a6593d37fdd4faa51aa8f790008c50405a817d1ebc067d06cd7d271f66e6060463b7a9d76c1ff0c09f3854008268783b2baf2e81f77c5468c87ccc9f8b49,2289,45534.98,1789836.0,14043.4
973be0c1186c6dacc9181fa2519ae7b2680a9e507f6d2ce40a9b9bd99c874d1034003be45b207138e00ad4da6dbb183bd2de1a4ce2c91d94f9ece0d750808ea9,1098,27189.86,1438792.0,9711.9
97823c761c479f871e8a72ed09e2ebe172b2b92780ccc61ee47e0f1b902af0cf30fa1a01f64fda4f9c0b8804fc12dbb1196e90a694b84f0abe0d60e353da71e6,414,4487.86,276819.0,1280.2
978a4839c7b19aa99a5a0acc0c3fab414527057fde946f5d797d22295a250324d3925257a69953cb97ec3e783aff59385477070658b1a0483f1569ada99a6147,7894,92199.75,5325821.0,24550.2
98218edd8c1afe2aa636693c931d34e5bdd76df10e1b6a6a27e60e8c986d6ea26ae13a0428854430b350cd2066a6e8e35d34e62b0549e813c75b408f155712e5,5375,70701.19,4228252.0,22253.8
9925605b15529d1ee587464258891d45685eaed9dce5745a45eb4ca567c49a1ed929354d901ef414807f69c98586b27b6a6d2f4a4637d562da088ba3645a645a,2143,41210.53,2598307.0,13168.5
9993904a2f796897a5b465ee4440c2e5cf569afc773e2f103d222c47a7c03cb4f23fd01c1910557bcfd2e4eac1f1e0a0f9f216859ae8f09156c4697291e36dd6,4294,42774.55,2612848.0,10154.9
9b2abc5d3f00e32d339b224c4ffce74193f277947094974a519c6f7c749fee3e1695f107cd7435a261ea3634723fd9b29cb9f39800547766671b08ba2e1315b0,2470,33309.14,1912738.0,9803.1
9b649f4d2aeac91f35d3bcb6e0ff8c45585ac2173f3a10aeb780e35cfb74cb760ae7bb3e35c0dab3de61eb3c53857b049a8ebe99ad68f1bd9b01dbaf245c5195,1498,19596.9,1126415.0,5546.0
9c0139e741b745577a98691c70a6e8fcbbd27561f827cc1ab0aaf00a397179b0ec5bbac721fa43ae3abbd0da6c6c3b9d2e66f5fbacb59adfff75d19efdbc8344,2287,28841.24,1698490.0,7971.9
9f67d56774eb87cc18038a3e61b166864a380f779daa20c2aef144ca91513148e7c38ba2fc3d9da57e2441d41fbe8d02f8e7410aa41a57a486c28bf56ca38590,3076,48482.34,2762469.0,13980.0
a0a5ca80f20ed5f103270c7c1d197539033a94b60c6bbd1fea12ca5cecbb7734f733017f011ac96e5c2c77cba39d017b62c7d85761b22c15fb85a542847590dd,10258,120730.88,7113047.0,33237.7
a2f43960996408dea7a7a313753317981e812219c9e04096656fd153ed0f156016974148412fe2790c6082fa621404c179ff74bb8a70b6e6cd3f355fc6c9890d,8293,109274.06,5656443.0,32807.7
a327a815ec47517af7b98478563a9d330f9e1d1b5c1da230a7570d7c3773e490b61d0fd287fb2b58472d58cc92183ccbc925f98954a8beebd6da2f5a37422f99,4296,66186.42,3799549.0,19571.6
a39114aeedff97cf4def516a46b1b415947cadbcf8d2155dab126ebd454f764445f6b83ccbddc342e81a374d1a7b933b8f454fe02b3e17464cc1307ca452e8e2,4830,60855.44,3661650.0,15205.3
a3a9f591be1ca785c59b3b0c6f37f83341536dd329e051bcb4ffe0abcfc921038a609fe2f1a7fe0c635e09f4cfc5a3ca9a993266055de9f265ec407a16d02374,2100,34698.05,2076211.0,11099.6
a3b9deb7c5e620ed0616436615eca3e483774a186408ccf9de678cc74263e89832a0c51c03919e4c877bb5c2337e9af5cf2fe9428d08efbb13445bcaf9a67e85,5965,82877.64,4609560.0,24072.9
a432fe577b3d7f89c3f91153dab9b75e527e63809a82a3a96388ec67c16f4150e361ee3e251ee9451cf3525f91dac89904deb7dc608349993fdb4ad62ba9a210,4534,62673.68,3722585.0,18134.3
a794218a3c165332ec58dae87dd0f733be0e831eaef78c2b08f4a05308b1a768e5ac24d6180101abf6604c2f6ca10733bdd8dca4dc8aac4cbcda4edce47297b8,4195,52639.09,2985392.0,14890.5
aa6b9d53902368246c7c1d56c3e8e95c16949882bc7fb77feb3f6a11a11e00f78a36051580a7a8b41b4331c9d11e42326c49e04faca73f7b5326a87ce65bf5ad,4027,64326.59,3623823.0,19106.8
abf864864f5e9426c92e07a90dd571dfe4bc4aa0000712bc9ae67db8561fbda73b266a21e8554ca7a5cbe61a577876a0be2b38681f95ad172167ea8fc8b424f8,4664,71900.83,2918716.0,13183.1
b0c2db08b6f6bf8d19a6412bc3c5023d9810394b71d12f63dbb3237b9c6b490adbf9d36d2aba22abbcd1981275609f15e480aabc0ba116d9d627ebbfbb6862c2,7224,75315.41,4758225.0,18078.4
b19847c6c45cc89f385408086d905e8de9069bd2ac17152c89b935c7f6bf40644a0ea3608b3e3929cefc79c46487e8439ec47c0bf85d8f98400dd44bc23323aa,4902,60742.98,3516281.0,16433.2
b21050ab3ad3d0972fd6378f6bf4d0251a8a7af42e6e0e136a1dd177b9f7f5b1e12314f90cf95abad247003d029f7a4684c33fd70e7d5c5b0a5e2e14d207ae4b,6449,70498.63,4048143.0,17897.6
b31f46efa11263565e3dba91f26ff96b74516e8108ac56ea4c60d5169362f8b58d12973629f150102f76fc9e4964e04e896153cd629a3d36e7372498589730a9,7183,93521.53,5405464.0,27610.6
b38cc11899e213a828f18838538613b0328a1df9062b35227c04314a51ae84ac529d3f69f825b1bda5aabadffcbd4925af3d8feae40dd3410acc392faa48ccf9,11,204.3,7816.0,77.5
b41adca9ab700712805f97bb45aa12c1163013bc7c842c946e034c4b42014ffed9b5ba923ab8f846d720e4e62c61d5717ce0df2bbf7b5f26c83327618f3da329,4996,70017.12,3912702.0,19944.5
b53a8c299bee1f5026a7ff14d9fca60490d14eea341fc5c14a4041d018d7a3dc203d0f85520eddf56dbbfb15ada7404e701c92abc708182020f46d144442f91b,6416,76065.77,4297724.0,20510.2
b58cb997d326c353234566055a0253e63d3291b0ce88b2fd096a1ff8d7f904f0f584557205d4e38eda5215dee79df2279dfc98c6c38256329546a9a02ca5623d,4799,54342.04,3131174.0,14138.2
b5c02d201b243945eb850f84478b473694a0b017009daa1ceb5a30d0484c916432a08de2b6fce0f2da653f40c85c89407725be5150a8c0b0d1244423890ab896,4940,66820.14,3556410.0,20086.4
b5e2af928ea6e3cd9114b6e919e35ad9c5a7ec66a14941c54fb512c6e430d60f53f4b03647f4171ba8cebf2e6a0218a70a5eb7c16de2ea249b385f4ce3c24373,5783,81016.05,4378081.0,23750.5
b5e563475714c9be944c844b7bfa126481e9f9222ff26d83ddb0e79127214781cb8e81ff78e2c78238181f28ae079e3b66a079314d2362d0cc3f9aedfb716a10,6601,89457.22,5069523.0,25038.3
b600ef5176e93985b36dec63240dd12a297e9caad071734d676ba19442b68f9b894882a1853e4d91f378f98369581a404373fdce7633f226fde0adf7eddb7493,2410,59593.6,3379427.0,21149.4
b817ee2ac77f0411dbf2976cd3883053dc69380b8d61c7b9fa104cdd0ff2c7c41a2b8785f347cc88ea1638557bbf774b2d74ca743db2e8183c9f51a629eff4fe,2069,21355.71,1307892.0,6068.5
b972ec70e50b0f04e4fa382c61337d527d0cdfcf2c3007f28776933fe723960f4f35af95829923b98de387e054b62c6e7b1d233e0783c19d80e4226f45581494,3455,43219.34,2564670.0,11850.1
bb543b13edcbadb4b9c9360dd8636e771b2dc3aad693dfef0e5d69d764a0e8ac636bffa8e473924bf74482b1b54a2fdf6448b56a3a0bd360ec66ac1414772a65,5617,76304.36,4185892.0,20947.1
bcf2c61b398b31f7c6d43aac2bbe4b9e7d446c1953e05cfb2d3dfc2cf22d238f6a87ebc2be8225447b8d75efc37b5b25d9f27abbd0886144a069c463ee104d04,1350,20733.53,1215461.0,6133.5
bd148166cee8cd0aa6477ae76e191ac3ac647166ff5a860b8339a793facb0dcbca00c90f51b3678ca3bb649367636e501b116f34fc9a8d655f70c7b7d985f50c,6369,76564.07,4288785.0,20926.1
bf0b987f41a8c368a072da293f9fb1aecc8a39763ab6a449f1fc4817846fc277c3d9ed2412fcb191158c617c4e1ae27d09a9fab46b98178066507bc8ffa9bdc5,4213,60022.96,3705895.0,17974.3
c01573d08b208b89c0fdf054d7bc2820fe2abb9d326a80c972db153033a26ca0e2fa36f1c32213bc39099915bfdef87b8c609921f0abf6dcc238f461f126c531,7281,81735.8,4889987.0,21267.7
c2e7a6ce213ecf27558f9786ee71ba5f28380120d5f4bedfc31d6bad3eac41aa90677ea1c2ff788db7c8a732da22f9320a1a138b29050dea5ddcfec5faed2397,5510,76041.24,4453383.0,22110.5
c38539ae509222f22b542332a6de4d8d7c9be56021f0049a7f0f8dd553ffe0e95726e8d71042c472762e547292f2cc5eeffd5575aed75d170dd5df65e62c4219,3304,72891.37,3673828.0,24661.8
c3e9c251fb3852eb4f364ace779a72383337ea0a2f309300d98c1720289f0895e3c73e22479c5ec0fbb5a1755cea9b27d0d8b6485813964dbfa36f03383bea94,2855,38517.9,2070157.0,11064.2
c3fef744d297219827cf0c153ac0d39d1a60a6564b1d55e6e1631f2012d582630431d6a8e56a9c913721512fe88116d6b57b497587faa2d68d286c75546f61d1,6162,81509.55,4701253.0,22962.7
c4b8125a4c89c864b1f5dfc240ff17752f46dc27f574cf74639fa5fef58cceca766fa2e9b2ec2ccb2e3c8491ffef827e3531bccef703d5fa2908a726e1f093cf,2705,38256.08,2238818.0,11109.5
c68970b1079add331119dabff199e0419743d55d641924a61c031747d8b50b5e4658ee24265ae9cc18d1835b8d351f2fb4a42ba3dfd3204f783391adb1bde16a,4389,57125.86,3457026.0,15956.2
c6adb6baeda007c313bcfac69d067e70ee3951174722107b3cef4c6335c1f87ca614665d2a6ad3ba31eeae58dce19ab8e313c1922c07c61a89e9d5b6dcf83b55,7888,96175.09,5550886.0,26780.9
c7475fec1fa338d525948b60cc20c8a47905a257c68ef82a4c83aee2604374cf0ced7e33c2322b16c5164c2acf252d76e67812a3d9a0e320c258668b1e8598f8,1701,23357.09,1422005.0,6674.0
c797f1560410b9db343567ea7c8e4095f66ceb65800fa466623d4695efdf3151679fb9bfe88ee18d47096e518c23d9c517e741de11df233e4c4bc11da8c3d8b1,3489,37965.37,2130488.0,9472.9
c89d01f343b28aecc4a5c84de8ded5d8a2d14fd2bfc79c95072deb84b732469828944f3048a6b80601a447dc8b24b17a376a58e25c2c02742f299a0ad2e045ff,7234,94883.37,5338123.0,25442.2
c923649e8d4acead6b10eacae515abc9dabd39854424fdc9216c7bdb8269078549b35d89c8cb9741085a1a361e6bfe69a32df7d8ec9959d4a8f92bfa48a71667,3406,42570.11,2422189.0,11577.9
cb2108ffffea160b5884f9e8a9c6d1c53b25dd9def9778095694a9923503fc661fb0645ba6e97e0614debcd46fa21af27478a409d7ad78325037523e4ce8096f,3701,48817.47,2984477.0,13636.1
cc33cdc1816a9ba9822dd033062f8d414cac183bbfa7fca8d3a4929dc6372f0609f6ea873db5a19c25d1e03793c1e83a4c892eeab5dc9c23d2fe438f4cd309b7,5342,63945.74,3594773.0,16784.9
cda5896422c4f27b0e3e749bca9c64967fdcc5154b5341634280f3d8376f3ab84678a19f8398296d8725f8d8a51534a94bc39f6da8142727cb1e8a99403226cc,4986,51447.35,3088859.0,12475.2
ce0730bc95b3154bf745392b58d3ebe7160eb13776b3357547854b7bb23edf7d1c2540aceb64d3264eb692fc38a3c592e4732a0b4b38a0161a04982255a684fc,6338,78332.19,4991882.0,22823.1
ce52963f41fbb4531e62eb3f716b7e9427ec8d2059563b2a86ec80a5ff7d0f708167a58c4420a3667d867116d015364d9d9dfe6b1f64750c59cb1902700935ea,3186,45942.29,2688264.0,14453.4
cf201b86531ed045f2aba753831f73b9839ab42281b70385d22dd112410ac4ea690af2c361a8b5841a383cc189977110b6f205db10a5dc9970484079d23b0938,4930,87370.0,4511933.0,29185.9
d218b7f63be332b570154c70d05af9d0abf5fe351877e5badc7ef5b509e26bdd1b47311d23368be56a3cceb630700bd58fd43231ff2bf5b7d0e3295d02a8d725,6957,102340.84,5543252.0,29966.0
d3d6eb0b7a9d4ab0e5a08f38bb7fb0855c4698a2b09bd800f2413ada03d84193d240c89b24b1ebb15ec263bebdf0b622f51e332bea26c6d1658a0edeacaa6dec,4051,56503.83,3456997.0,16090.8
d404479bf8b43d677600cd9059c4917dd8fc10b51262a13215d854326b4aaccb25352deb32e235a92c5b916aa76a5d72e22e77470a0e02e3ba623a10647bd9c7,6189,109676.78,7191227.0,32840.3
d47c7b3b25cb2be3aee876c689a2a244c456120bd84640913315ccbee1bc72ebc4e978d7397778782f2ca1a7723c2162a49b1e60cdffd15c7d31d234a4a48b32,2674,36534.45,2085722.0,10309.3
d48cae652a1b1897292c32e638327292dd1a5e27bcbda5cb4ec9918f14e93545d93ae18d4e0c154a3e1a7dac55595881beaf7466c26d6c7257dc1219f461f754,2800,47974.98,2677555.0,14919.0
d6c943680ba205e6accf5144e8f16a03ad45f0201f193983a4ef7b0e5326e22cd2fa5a97d0fd2eb339f96ae9c362538113400c36ee5824a903847399d6a79432,2939,33259.93,1807835.0,8628.7
d6cda2b994c440cc9bc077eb7ef1c071b9b5e36a22b8f43504a63deafb3991e4cf2405f291811bd93c26abf64c7ab4facbeb64a32120ba0ffb9bf60ba94a221e,1712,26515.41,1442814.0,8028.8
d775e39a1daa4f149cdc4ca4cf7aa460546f151ca2ff311abf6f4c9c333124cfc2d019b6b5a5a3b741d54f76a4ac0794f868820b0f049f66091c1a5fed1d47dd,5671,66804.69,4179306.0,19242.5
d799a5e48d8b8eee81aaf2968be9801c28b410337d3d9c2b2bf22462fcd441450c8bbdbad91a143b2d5b07d56114c91c900f7683605a7f3c3874a24aa7eb8ef8,4382,80176.02,4612284.0,25381.7
daa87fd285aad3d29e8999316561c9c5dcb69c1be4bac2e248f7f8369c8ce81c933bd1a04c2143428f6c4dbb0fedd59bae40b29e41702c4ca0ae29224e5d541f,5618,65724.21,4251244.0,17123.0
db9d76c74654e053b1f641fdafe6e459cbc9b2b74797ba90779ef77aec703250e4d663a60e265e142261eddf5d56eecb69f012d1eaaa35fdc04a88161927e263,2197,34634.31,2348900.0,11800.3
dd3ec76231a679ee3501f302592955447df6907cf2806e7a17018e18b258e40ae87564b9a860c84e3065f2607a124bc8d3f5a6bef15c65d3773959d62b61d4d8,4407,60697.1,3495520.0,17047.6
ddc301af37ee4eec4a70ce3ac1978ab0b8213660c4736e803249a72b090765e1ef6984cf55cd31547e1d4a89a682a97c07a3d75f541d31c27a87bba760ea01b3,2844,38510.31,2191597.0,11034.2
de22250c7bf3b590388f1bd1c2f7ca36c525efbe4438bf71aad7da39ee308c8032d2eccdad140f9d829c24c8c035db715af3c3b075d067d573bc619db6d28963,285,6817.33,378588.0,2229.7
df2f58c4004453b90fa9582a69fd9fd2e4c5362ecf0aeeb62de3b5aa45228cd997f8dcfcaaa7ec1b24e7317097532cdd056c6043a865b541ede293aae267f35a,2405,47532.8,2947487.0,17528.9
df78a9555ae5e9041d230bb2f8e1ed8386a1a2a6e52baa0fc3c66bbf9272e28ef537816479fd8556374143c5b220f4bcb05f798ce82cad9a1ee7433f9912dd6e,5331,85227.87,4639733.0,26138.3
e2220ffa732911479743dfff0d83d68d3e598ab3018c1f824779eeb63a3b52e141b3bdfcb64f15d88bc8a3eb405828e262b96896ca25679b512af498b5135e99,2781,30905.95,2167183.0,7830.4
e66fda1ccb74370f018cf60c3b9de87f876b727437fcc37ffd3e53d719898daa4d7b5a16b30d015d83b60783f3ef17db88b0db4eb709f29cf96150c2e4fa1de9,161,2823.93,144079.0,939.2
e7ae4bfc451080c89fe471cff9f01020a66b77927f5934248a4687a9a48b506830a9d3e42c59dc85442e56dea5998d141fae61ef1305027824004d30da02e596,1275,32407.81,1773811.0,11419.2
e81cf4585bf346fcd7e146dc54f93935eb86cfaf8a0fc82a6a16a07598f418f292adea8503cabbadecf840eab380870874439809618ab239535790567986fc55,4066,87008.71,4312350.0,29986.0
e91b356f9be7d33902fbfd4eac61b94f85ce9543b337d7df70f0159c2f4687249e132c514a75cfff5a88b721be8e8ef8d379cef9b6b899096bafbbc9c883e817,4294,57738.9,3426640.0,16766.0
e988dafb4bf8d8eb2b0fa25b1bb4ec2ac587056b2aa51cfd870bb512cc2b0546c1813fddb25e81bf962d2aaeb62de7ac949fb853cdad8e5d645c38c042dda898,1,3.9,9.0,0.0
ea33b4e3b9cf2f2cc5ba2791802eedb926f7feafef7225466fa912af17eea46770bb8dd0f3da20de73565b887cbdd073301a1ad703264b440bd4afbbeb92e80d,2545,29633.49,1731219.0,7424.6
ec2bf5df95cccda2939628973df4d270670e8d0dff548703cc967ba5b256ca54971eed0cd29e586131f8cd33dfb3d5b74c67a6cfe3ede83705f62acfd04c3a81,3397,51290.03,3136226.0,14873.4
ee0a945778a6e3d37f8d6473b50fd38f0c7f24d05ead76110e6bccdeade9efcc5caa8198f63e86064e2bb53d78509d953288b07662ce961603c686eb7a25fed7,1353,19995.82,1133153.0,5857.9
eedbec899861e013b55fab98358795eda2acf42e9018d45022cf0136f8b81f6fd8a2c334fc1de11a9ad50066fcf0b8ef6a58ae9e3511516b74b9db7e696f1421,2190,35486.5,1999413.0,10748.1
eef60e7bb68695582d37bf6722680d0861b302db224b029e65acb53ce06dac40de0a362bdc8f5e1123488812d91ea2ecfe96b90f2dc522e821bf427a2b8a439b,2111,24654.1,1470599.0,6252.8
ef738636dac740adcf240763071fabab60321ac0908480cb625b06e050c45c590f22d8cb4bf4450d85bf175322ce513618335d432ed1be896a9f0e940a0672f1,7997,102603.39,6055520.0,28497.5
f1b29fd6406bfa14961c69a02d5192262ebbd13888b8870041a8eb94ec823ba0da1ec7603e759dc648d403dff157206ab7912b7c146277915394fa85847ea71b,5599,97951.87,4360866.0,19506.3
f32c0c8e63d4e5d4bfc7e9d57e5d0f6dcf28450850245d82d729dde7eb92a44d41187faf585ecd05b40eb253cdd48e9a1cfcb9bda17c6bc1df087f068afc144c,3464,39648.59,2284099.0,10614.3
f4275d08eb48c554a46a407ad6cd014d5f1442eb1fb68d78c698d438733b8f1e1ce11faa9bd5a6c1a01308d0bb402dbab61ff52967f276a44437092115e3c834,7591,94771.7,5643547.0,25832.3
f72e5a6c73ffc00db14fed008a2269292669ef0c98648e156474b57d928c7ec272e2713851f31c58e9330cc877de0471e26fa17f4747421df7d255c3473573b1,3781,59889.83,3503886.0,18142.3
f892614bf893b49cba778a71b629054fe7bf5ebad54364c96dbbf2ba782c04a49e17347a31f4d5e8c0c06713d50a99d92d4fb62e6a57f243fe872495ae8ab415,3797,46308.29,3122177.0,12459.0
f9ccea6ec8d61adb4b8ee9c07f51c1e5b1cd8d023d05329a305d62c6c50c867355487567bf97124e31265274f094311bf23321e3b85833bc06b132914c6bed06,7056,81046.76,5022937.0,21673.5
fc5d5e9a51a087dfff2b1080f44311fea61e7c7ee1cfa052ddf523b1aa1ef56a6a4e16d8928637b93e1c98d9360e82a5c49f027483e6d461872961554c25519f,5160,61741.42,3750516.0,16568.2
fc97535abdebf21e4e05aa6170c705dbaa0a6b3006e491c96a4c10ca55100e769efda654c9d972de52e374a4abb60d08141b179261efb0779b8973c72bb900bd,4278,51537.59,3238408.0,14667.1
fcde87feccfb80afe30ec861fbb49e67758cd1627f695f9a748523901ef8c8000cb967c3701a6b45e2532072705f988d44084556992d49df00af1299720b12e6,1907,29255.62,1858342.0,8411.0
fd8880cb7750013a4527e205b41a2c68a1609aa33931c9c0c99833604de729b72106dcf4b85603eedc6d92233dda7c47a4cacff5f821d4e9950705b3400755d7,6522,75096.68,4661048.0,20501.6
fff3279af11dfade5e308184a5cc6c1ca2d33764634d962e589f6af2bf844c2dc8e6d8fcf1bf47f4364671bea6c8a8cb8b9990cb9f6dc608079e96aa1fec24e7,1537,23749.1,1370418.0,7648.0
