taxi_id,Public Vehicle Number,Vehicle Make,Vehicle Model Year,Vehicle Color,Vehicle Fuel Source
6e40306a3a76d2e41f2530cc314ecfbd2520aae13202d7fcef97373649d1f5631936ac2b91bdfc48617f8837dc331171eaf7915604b75c8aa40ee707b68ad0da,1350,FORD,2014.0,BLUE,Hybrid
6aeb4a88ff55ac575e3ef10ef32622967534bd48fb9ba6f3ebcb97b182cba5a8513335b2533b132c4f2e5ecde030e9fce3877f769603ecefae3ffe0c049b8e49,4063,NISSAN,2011.0,WHITE,Hybrid
641c9356c873f4b5fb13d4b2f70d8b4d4b7b2c9805727284f91e0b267d95ef99815b3ecd18ed25b9daedb0ad0ddf0c4173e1d5d0ee99137b184a6f8c062f0b2c,5448,CHRYSLER,2013.0,YELLOW,Flex Fuel
8307cf9433f0293eee99c6944aeab484521d9cd9b1fce59472580dde77dbb981858564b8de50202efa8fbb2904755e092e70f94524bf3b6c015f852181998c7e,266,TOYOTA,2013.0,GREEN,Hybrid
687e3ef9daf087b79188bf0fea27f22cd5786b0cda0c802ad500c781b83e1405930cf3d36f4e92bc1176031645262ccc92cde501857ba0e271f4680807bec0dc,5644,TOYOTA,2012.0,WHITE,Hybrid
3b6f6ca381f164253171136e5ab4d752da5ec9223ea20fc37bd526a5984e1d7183382aad2fb8d99e5a9012963f5957b50f7316b94191d39f4a8f2bd558885e44,5277,TOYOTA,2015.0,WHITE,Hybrid
3cf0a8ef30c60ae259efadb4c062c71991a590e106f956a253afd394a0f27f45628e5169b97d1d1c8599f6fea7fc367054d8985bfa3f1cafd91757547d6400fb,6936,TOYOTA,2014.0,WHITE,Hybrid
e91b356f9be7d33902fbfd4eac61b94f85ce9543b337d7df70f0159c2f4687249e132c514a75cfff5a88b721be8e8ef8d379cef9b6b899096bafbbc9c883e817,3354,TOYOTA,2012.0,WHITE,Hybrid
697ada6eb0299a4956ac3305adc75c5b45342ae7c7cd7fb3b1da8509193a5557f4c95197847331cf9e13b68014933a5b93701b48d01af85c3f14bad553495da1,2538,FORD,2012.0,WHITE,Hybrid
c8c4c65cc778b708aece3ef05e900039be751c9286699fa1002eea7167ccc2f2e25545e859ecedb1d2bcf92f03fb6155a5e5c0676c78aa06a2cbb624fb0e1440,661,TOYOTA,2012.0,WHITE,Hybrid
4e8b558dc6742b3e05012d7529c1fbf138546b3f3e61f3d321d568661d6dedb4fa96ff41e92a850398f653691fbbabd26823488a6649bab72f1d7abeede1d508,2752,TOYOTA,2012.0,WHITE,Hybrid
678095878a2306fa01b08e520d914baaf2ace4999c5118f1acfd5a144f58b2e80bc79d9007ce5bf3e7506ef733fb76067a9fc5896d56c4acd4876f0cdd9db2d7,1614,FORD,2013.0,BLUE,Hybrid
7d80792fca2516fa6532807f21f9a667fb5d6f8bdb9f955d868ad09b73497a37269a84fc7c470488fbcaafee8550cc2082bebd62ba841cf69513f21b02bec926,1998,TOYOTA,2013.0,WHITE,Hybrid
d3e38cf4471f5b65aa0c41a155252c395b7c8593ac6fb5741e0cac5f68831f4f418eebc0f19ea0acd5b398d6b376ec7cbb2dfa9b846af33a9d27146e2a009b4b,3708,TOYOTA,2014.0,BLUE,Hybrid
0309e367d50b97dc7c5d764697737bfac5e6d048f7279840efbfdd7295ad9afbee306c07bc41eb4a5ef5853e560e911158baf0a50d0ea87c4df2ee692b6ce405,6537,FORD,2012.0,WHITE,Hybrid
b817ee2ac77f0411dbf2976cd3883053dc69380b8d61c7b9fa104cdd0ff2c7c41a2b8785f347cc88ea1638557bbf774b2d74ca743db2e8183c9f51a629eff4fe,2283,TOYOTA,2014.0,GRAY/WHITE,Hybrid
3cbdc624a4ef03ecd064f284467041ab8077b80cceffc364a99b7b7e88088bf181b41313041db85bfb1fa82c96db22c6ec42fffbe859c677b63c811b9adbfa19,5904,TOYOTA,2015.0,BLUE/WHITE,Hybrid
36e5256c59cdf8630cef91591da02b0d6f6d77a0a946888bcb6b5e84af503e8ef1bcb9382102ba541f44c94be785707a874e18ef2a41e205fc810eaa3d3d7bf3,2654,TOYOTA,2013.0,BLUE/WHITE,Hybrid
8abc7af60f163d05f5202eacbab892f7b2c5d2d4b3ebba08f8dad4f6b34c3f166de2865b20c7305f46ca5035e69f60f164afe6461e6048a4e90f5b2e3d9fad7f,486,FORD,2012.0,WHITE,Hybrid
df78a9555ae5e9041d230bb2f8e1ed8386a1a2a6e52baa0fc3c66bbf9272e28ef537816479fd8556374143c5b220f4bcb05f798ce82cad9a1ee7433f9912dd6e,1402,TOYOTA,2013.0,WHITE,Hybrid
45b499c75ab5b737af29fe68299330dcf0a41a140a8e4a0c7848e2ee9ab1666793ce3b343cb32be2c84758d0453a9b940ea626b71061142b353052ebef3792de,2043,TOYOTA,2013.0,WHITE,Hybrid
50142176d90fb9c95a38ae58b5ecd2aa8f7c49b54ff90b98bf778d307250fcb9a4ff0da20863e0014517f425572b798a7033d8f9f7df36f3be954c16571d2f74,5916,TOYOTA,2014.0,GRAY/WHITE,Hybrid
c01573d08b208b89c0fdf054d7bc2820fe2abb9d326a80c972db153033a26ca0e2fa36f1c32213bc39099915bfdef87b8c609921f0abf6dcc238f461f126c531,6865,FORD,2010.0,GREEN,Hybrid
56f1931a0c8e8a64a681c2f40dc4a512cecf7bd646f15982c76839698a77402e6d9422fbc819487fc2b6e9660ca2d45edd31e21c8d114088c2c7e1c79f681973,1778,TOYOTA,2014.0,WHITE,Hybrid
188e63748dd6e23e0c2c8b9d331fd6e1b6f6dba8693e35b0d6f989ad781f35482e932488270be9a24fd90e5fb9b496050879100e99488adbdbbb32b44a772f42,4085,NISSAN,2011.0,WHITE,Hybrid
0773011283ad72bf71eb3eb707c71619f690580dea49a8ca534f2fa272918650a5c949ff5b09b238219bb57fe5303fe032c30929dd7f8f138aa320c231695686,3602,TOYOTA,2014.0,WHITE,Hybrid
b53a8c299bee1f5026a7ff14d9fca60490d14eea341fc5c14a4041d018d7a3dc203d0f85520eddf56dbbfb15ada7404e701c92abc708182020f46d144442f91b,5338,TOYOTA,2013.0,WHITE,Hybrid
96e2479c0b0a37ca6e98a08153c2d5062d96e5d831737d524237ad82ec018579c3d39fb2f2c96bee7d73c3e61bac4657bcc4a2eacff8b3e51a492974a0c47cb1,1328,FORD,2012.0,WHITE,Hybrid
a4b608e480d78cdf6a1bf59575fd3290f346d0f06d0663d0be50755d10e6a9c2fdbbcaf63f76e9663c9186cb878ed64c45463de47c25c4a42ba6efc71ab9c8b6,1631,FORD,2010.0,GREEN,Hybrid
9edd20b3521c295e441b95f219f9030974df980349b4437c014cfbacea493cd8448557c1b37c0d49f431d978c4a78ff733b785dccc2fe8b3e5c81cb00298112b,6288,TOYOTA,2015.0,YELLOW,Hybrid
807f82595e67582251c7abcdde792543facfa8792727326c4528282eb098127c5d4735e821dfbb7fc06e9c303b3e99f8fcbf72761d03765e91d3504fd01bd5bf,3324,TOYOTA,2013.0,WHITE/BLUE/STRIPES,Hybrid
bd148166cee8cd0aa6477ae76e191ac3ac647166ff5a860b8339a793facb0dcbca00c90f51b3678ca3bb649367636e501b116f34fc9a8d655f70c7b7d985f50c,1206,FORD,2012.0,WHITE,Hybrid
f2721c7874859e2db0826b73aaa9dfe1ff67c606a9fd752865b073995ea600a139fbb6ce4ce7bc07c28e1eca22c6403585e4eb0fb87ab5b405ac8c29c3796fb8,3661,DODGE,2013.0,WHITE,Flex Fuel
824726452b94cfd411500410b26d1d60e5e07ada21556dbe125f715dd99249a63342560e3c0e09a2d4647104a55682a7d60ebe8d4ec1ed11c72177b97a802d69,3226,TOYOTA,2012.0,WHITE,Hybrid
a3b9deb7c5e620ed0616436615eca3e483774a186408ccf9de678cc74263e89832a0c51c03919e4c877bb5c2337e9af5cf2fe9428d08efbb13445bcaf9a67e85,1602,TOYOTA,2014.0,WHITE,Hybrid
ea33b4e3b9cf2f2cc5ba2791802eedb926f7feafef7225466fa912af17eea46770bb8dd0f3da20de73565b887cbdd073301a1ad703264b440bd4afbbeb92e80d,6625,TOYOTA,2013.0,WHITE,Hybrid
223702c6155649517dcb9f4860ae0fa2669903bbe7d54fae5475cd9677fc8230ad3f1bf9721b88063fb7a3e7b153de9a2e27521d15392ae203f9b17169833607,3242,TOYOTA,2014.0,WHITE,Hybrid
d13c5aaa066f94b4927779ed24cd313b0c686f03407095cf5daa4c227d411eb5049a5b1ce8ff07157f9641e0e863be971c9d24bc3ef3f89857d7788fef397242,5187,TOYOTA,2014.0,WHITE,Hybrid
c6adb6baeda007c313bcfac69d067e70ee3951174722107b3cef4c6335c1f87ca614665d2a6ad3ba31eeae58dce19ab8e313c1922c07c61a89e9d5b6dcf83b55,6065,TOYOTA,2014.0,WHITE/BLUE/STRIPES,Hybrid
c34d6347f812df0e22ee1a907881bffff574dab3839a95c5bb06b084981ae17bc9bbcf5b534862cd5784e7b6ab5c990da8d61cdfbe5334edfa1b82d247a87db3,2878,TOYOTA,2012.0,WHITE,Hybrid
ef738636dac740adcf240763071fabab60321ac0908480cb625b06e050c45c590f22d8cb4bf4450d85bf175322ce513618335d432ed1be896a9f0e940a0672f1,5353,TOYOTA,2013.0,WHITE,Hybrid
bb543b13edcbadb4b9c9360dd8636e771b2dc3aad693dfef0e5d69d764a0e8ac636bffa8e473924bf74482b1b54a2fdf6448b56a3a0bd360ec66ac1414772a65,1089,TOYOTA,2015.0,WHITE,Hybrid
06bc61544b9852a39f87655bed9cd9524b3ddfb25bbc5b3c7b68236d5b3caeb5dc37d4dd9720963a517efabc44a44bf12b98816d00121b3f61c67980335ff676,145,NISSAN,2011.0,WHITE,Hybrid
72920f6ebc5830d39039323cf78a316085444eb8f8b27236f0f7a357fcdef7e58bbea454b63ea564d65ecef89c688606725689733c927cd86e2e16ce8b63bf07,1695,TOYOTA,2011.0,BLUE,Hybrid
b5e2af928ea6e3cd9114b6e919e35ad9c5a7ec66a14941c54fb512c6e430d60f53f4b03647f4171ba8cebf2e6a0218a70a5eb7c16de2ea249b385f4ce3c24373,3269,TOYOTA,2014.0,WHITE,Hybrid
887b2728097b2d9f149774b8cc04fe9d80b9221506ef8c47038235414010bf62dc8b009374ab2c8a20cc0be93fe0f73093b7cc8bbeb7f5eee1d313c04d66b2e0,6712,TOYOTA,2014.0,WHITE,Hybrid
b12c6be9f088bab50b80d41139e9c64c78030e062ad56788454126913725692a146d6dd6cceac1c5a76d5dbe30c102460f3218b5557e425f47db49b454930847,4781,TOYOTA,2013.0,YELLOW,Hybrid
15ddbeeb791d41c7683b885617281c0b548544f189ee3630ea6205078abf793173f13acb37440222ebe2a7a3b701fdfca26b4a2d5d75921a3218ad63ab23aa3a,3673,TOYOTA,2012.0,WHITE,Hybrid
29f0036be86a5830f9f045527766d16967c8330b9da28e178dfacc7c17216759f3997e00ac43333ce6a3c2811dd3e0c7a08e219439a79cd1d2b19d13af9b790c,6431,TOYOTA,2011.0,WHITE,Hybrid
4ec44ec06c609190307efb533020980a614bc05a87dee29f1095ff5f758983c1b0d33a0ac243307d1241c291b3954f91de26b20b05e1cdba158603d8012a3790,3310,TOYOTA,2011.0,WHITE,Hybrid
de9c82ade5b6921bc4d7387de3f43a24c807309298bd3acf8555dfdb0aa55cde81304fba2dbf45c545bc78229e18eee0f5136bd44cc8e78de70ca21e376bee99,1840,TOYOTA,2013.0,WHITE,Gasoline
3129d0698b6fb9b549bb86967032b957abbfb485f80fc7604a235b335c05ae062869a18b706e656798d5c7391d79c5cd954c791ee21fee7f5ee6cb29bb3b3878,4360,TOYOTA,2013.0,WHITE,Hybrid
7abf21809bb043cd98a7da5af365dd60088d19d08076f0e8eb76076ca071fb1965572cae625aa743839c7a58bab11481e93ca43a6bf004b5b901a6b77f3e5af1,1400,FORD,2011.0,BLUE/WHITE,Hybrid
a65dede618671951baaba8f54ab330e12d5979765c8e68ca5877d91eb98595b5f72ef95fb5bfdb663cf0abf5474457a2cc859aa08da107be4ec430ec71a4c95d,4977,TOYOTA,2014.0,WHITE,Hybrid
4a7ecb44d4bed73317a84e6793cbc8bae7015e0a633496bee743fe4c179c79cc9507be85dc96920f24e83ababdd61e14d9f08761b0672625384a01bf5db1b839,3258,TOYOTA,2015.0,WHITE,Hybrid
61fd073ccedd569e0cbc77c5e8cfae28684a29d37a18f01ccd50164a851fccfba326d9be0fa012e63829551330e8ff3de24ab47cfc2548ae033cd487aabea361,1801,TOYOTA,2014.0,WHITE,Hybrid
22c14626f6bfb534f0181e4584ad8bd04d7f988f254d9f04a5ca8a000d0cf601bb373e31701a613c023760af2458d94c11084879ad30fa1c644e1086f2e312ce,6919,TOYOTA,2015.0,WHITE,Hybrid
7a0718b94050ed472c67f0ca07244255914458b50cce36a17e9a4c1d1a48d1c60833ce981701b9335fdc71fec8ef94561bb92f21e72f6aaf707846a87c45c0ba,3974,TOYOTA,2015.0,WHITE,Hybrid
abf864864f5e9426c92e07a90dd571dfe4bc4aa0000712bc9ae67db8561fbda73b266a21e8554ca7a5cbe61a577876a0be2b38681f95ad172167ea8fc8b424f8,1289,TOYOTA,2012.0,WHITE,Hybrid
9b2abc5d3f00e32d339b224c4ffce74193f277947094974a519c6f7c749fee3e1695f107cd7435a261ea3634723fd9b29cb9f39800547766671b08ba2e1315b0,195,FORD,2012.0,WHITE,Hybrid
42b65f221a8bdd75e14b231f7461547d32c92f4b4f6f50b82378f9686b7a4e99522d27c14d1ec2bd172794af71dd73b7be617384a07373874f95ecf96bb97c5d,4735,TOYOTA,2014.0,BLUE/WHITE,Hybrid
c89d01f343b28aecc4a5c84de8ded5d8a2d14fd2bfc79c95072deb84b732469828944f3048a6b80601a447dc8b24b17a376a58e25c2c02742f299a0ad2e045ff,2887,TOYOTA,2015.0,WHITE,Hybrid
77cae6a9e4ce953c603048f153a9b43ed0ee3485c3958e0802d939aed68ecf3e174df5b4d5ac8e6ea84736222f9a7f47e64b7f7dea08d28596532200c9fc0cc3,252,TOYOTA,2013.0,WHITE,Hybrid
978a4839c7b19aa99a5a0acc0c3fab414527057fde946f5d797d22295a250324d3925257a69953cb97ec3e783aff59385477070658b1a0483f1569ada99a6147,6588,TOYOTA,2012.0,WHITE,Hybrid
c38539ae509222f22b542332a6de4d8d7c9be56021f0049a7f0f8dd553ffe0e95726e8d71042c472762e547292f2cc5eeffd5575aed75d170dd5df65e62c4219,904,TOYOTA,2014.0,BLUE/WHITE,Hybrid
f27369008c4560cb19692d5c983249669201047595aeeb7198da6181c5e3d78b709c1d3c00821801923f5c91394607ed34a0c115118afd57b1b4ecfb47335873,3933,FORD,2012.0,WHITE,Hybrid
efb464d432970a2a7a4ee8386f70c403f48c9ccd9008b7680fae247ba23e8bef93ce63707acbc5efe6c523b7b83382ecd5262b76fd1b6985e41cc17eb330f7e1,4677,TOYOTA,2014.0,GREEN,Hybrid
931225a382fc38a75212f9d358439aec0d9b50fdaf32ad72ab675712c03e407a9bf99bea5f85136dd82fb3044040ee8854facb01d586e9715aec7dd1ae602d69,5104,TOYOTA,2015.0,WHITE,Hybrid
783c959e13345041969042574f134d1b9c9816dbfd73a7612335fbc48c24a87c39029ba9093607d5f1786fd444c4b19c80fe201a3055d4a723ea5dd8416ec592,250,VPG,2012.0,WHITE,Compressed Natural Gas
9643a6593d37fdd4faa51aa8f790008c50405a817d1ebc067d06cd7d271f66e6060463b7a9d76c1ff0c09f3854008268783b2baf2e81f77c5468c87ccc9f8b49,3754,TOYOTA,2014.0,WHITE,Hybrid
fdcc770e27c1fb9af9154cbab27fa4a1f830d1a3d6a839549599a12edc7c2fd0c1563fbbc9da8b9057d0338f3987c628d192efd631328c3bcd7cce6c08721fb7,2504,TOYOTA,2013.0,WHITE,Hybrid
0300862a19483bcacac6176544abf331b8a3d41ec6efda29f206dfac6305ce2565e74f09768f37b32bd0cff245af48008d2168e50c66b8823db763366b7b6b12,1668,TOYOTA,2013.0,WHITE,Hybrid
58c784c628cc2b0b77468e6a406acea729301abbc17a6240eed68ac3b5ce5a9378deffab5b2b940db6c83e7c9553eacd8fdb8d10593e071cefffe2b388af3bd7,1290,TOYOTA,2013.0,WHITE,Hybrid
c3fef744d297219827cf0c153ac0d39d1a60a6564b1d55e6e1631f2012d582630431d6a8e56a9c913721512fe88116d6b57b497587faa2d68d286c75546f61d1,4169,TOYOTA,2012.0,WHITE,Hybrid
08e4c675f870d249230823ad91ae3549849d86ae58c4e85105e73aaabad9ce1c2f34a4694504034ede824f85df0867d15a1fdd5632cc197e9def7b65db18d2a2,6083,TOYOTA,2013.0,WHITE,Hybrid
0bea3de3c36237d68b009b24ee3db86c78e9e618a73a3b5776e5f4bba06775f91b3520db910d24b97d577e57c4372f5d9d2eb58d338f3a0add0e37c0f71f6701,3248,TOYOTA,2015.0,BLACK,Hybrid
03cc788ae35f829575456d05381274aab1700ba7b0ea78148c14e1998e00d97d60d5dfce9120c490f5121bd940a47637974eae70c746dfa8c84cd7df25ffb5da,2862,NISSAN,2011.0,WHITE,Hybrid
322630536b6fae63312b46cb1ddab0df9493b49a3eb5decc1f6877df612635317b87068aa89d1107157b16c8f97eb2fd3a4bff1034b717fa0fbddac94c9661c9,6920,TOYOTA,2014.0,WHITE/BLUE,Hybrid
7155fb4a27bc60e860cf4976b48594989f11b69f4c3e2ec7d479efbfb7fc22c1ed0c9814e18f4b68e967332faa197c83a1cbf90bdf3ee77ba7f1eb8689ce40b5,3472,TOYOTA,2013.0,BLUE/WHITE,Hybrid
d5c8316aaa128f1979e9e3ee66572265161613d11e13351a630bd20cf4e4d44c357477b7273b626e74eee6391e3f4f4803ef89010bbc5e5ee10fe287671fd16f,6830,NISSAN,2011.0,BLUE,Hybrid
35a442cf7913c9ddfbcd75d97179667ee556898e8d8b55dc8ee989778501bbc217188081eb2a3c2ac4c4e321a38aec14bbd08e4b61938f6a332676c9a4638237,1338,FORD,2012.0,WHITE,Hybrid
58b30580817487ad4df0d8093e7770c1f34fec52f2426ffeb49ca06173962909b586d26d3b64b653b9cc7b601cd22ae3ff8d4ab158dada1f54b53f5ad86dc7cc,4640,FORD,2014.0,WHITE,Hybrid
341cead8979074196f3231099ef811c4e905d7031dd6d7474e73483dce7fc666624798bac917ccc5bc8237cf33cdc0fb287db88a93ec53fc5472d3c8255d9eca,2568,NISSAN,2011.0,WHITE,Hybrid
4c437b70b55212de32439053c915572d336a8cc2fb712999ae6fe0fef3b8d0018beacdd3643cf559873ae04b6a2a9c3b01a821ff06f47bffdc6d03efa200d78d,256,VPG,2012.0,WHITE,Compressed Natural Gas
1d9f1ab92fd36a4578d77d25eecb75771962aa5047119a76f240e35c9d3122ecedf4eeb0e72f6b2fb9302927cbe67f4decca34287fb5f97d51acd02b6bd86531,5893,TOYOTA,2015.0,YELLOW,Hybrid
0041f8f0c91881c1e1913f2548522495fe3c4c719aa67fd2483ebbcc22e0aa1bfff2cddb32c35cde3ad9766b0e8d44c04ff5dfdcf1035462ba81a13e3ba6b8f9,2590,FORD,2012.0,WHITE,Hybrid
10a6907d312f530c01cdb904c680f61907c2f2598ff455c8e90b561422862780c29bc14ea2d749a443a65347709b3a96aea54c92ff8d55da4815f564d8f96a4a,2586,NISSAN,2011.0,WHITE,Hybrid
a1f7604afbf5087bfda11236fa97db7289e0983f0f0dfc3e45979964174932a4baa09b923adb28da15a8fd49b981288ee2d2eea9bf23d1d37f7edbc25da9f92a,5878,TOYOTA,2015.0,WHITE,Hybrid
86cd7f7f072283bc71f09a8bdddf7d0d4c92971f4275371d84c8c3e466c1daab301af8d3531c0eb4aa837129f2c33b25b22721ffe27177d615e7d6c8ba2adeb6,146,TOYOTA,2013.0,GRAY/WHITE,Hybrid
0423b61dd9d4f4da3f4490e3dfed085a321aa78d527286537b0c5c80ba88b03f54761985ace14a0451b92a7dba1ce3888208cba74ad0f394ed730c793c84031c,2537,TOYOTA,2010.0,WHITE,Hybrid
a2f43960996408dea7a7a313753317981e812219c9e04096656fd153ed0f156016974148412fe2790c6082fa621404c179ff74bb8a70b6e6cd3f355fc6c9890d,5972,TOYOTA,2013.0,WHITE,Hybrid
7274daf07dd4da878465e03ee2f72165d7e044bcde1c2c0c6ae74a0cc1626b8f4bbf895d70b18d522bc2be82dd058ea0a35e9105b3aed6dd912916bd170981d9,3920,TOYOTA,2013.0,BLUE/WHITE,Hybrid
6a7c0076b552cd134aab8c73d8c123b5a3b32f949a68fcf8ce348efa5c935aac5e934c001e4ddfa162d103c0e9caa338d7efc512e55a80d80f960319351cc723,1065,TOYOTA,2012.0,WHITE,Hybrid
1344830e881c7eba092d0c19fc0d33fb004fce6932414144bd9344f0eb4bbf27e73da6e7bd44bb2591459cebc5bfaea6e68c5ff0b38f4d6693e091887ef3e0f7,4409,TOYOTA,2013.0,WHITE,Hybrid
95408f6a067421373e372f608c8f5f609b816d8bc9a747d19268389e0ef1d5a51001f6abb6dd312816772606a553c8f013948bad60b7617ffb8d6f85a2bb48ca,5289,TOYOTA,2015.0,WHITE,Hybrid
23b9866f90ca40c6f83dad34292294e07e864e5b284a7dafa6f67d060a9b3be73864c1e4cf8d8a7da2b6bbb1935c02f812d38f1556e56be6de4a5b9917507105,3694,TOYOTA,2014.0,WHITE,Hybrid
9fad02b629f52ed9dda9c78551e5ba56454ab8e4e2bea3a4ae74128a0e89ac976637e90ca0612415d90a1f6e5bfdafacaaa8e33be5102a7001294cfdd09a9407,5649,TOYOTA,2012.0,WHITE,Hybrid
9993904a2f796897a5b465ee4440c2e5cf569afc773e2f103d222c47a7c03cb4f23fd01c1910557bcfd2e4eac1f1e0a0f9f216859ae8f09156c4697291e36dd6,2392,TOYOTA,2013.0,WHITE,Hybrid
fe100c91e0eb36b6f70611f4d2fab5531f1a55009e138ed96d9bd2c9697a0b0684772d8d71a2932e077a6428c0941e4a5cfd4fbd24f3af93f4244a2a28459d85,2443,NISSAN,2011.0,WHITE,Hybrid
2bf9f0a25f68acc4b7a626db3c45b2af37069e683684a6c82de499988a3917104291e78f190920e96b520e2b74b7da6abfce821c3bcc8bc8c8467f143d06b1c2,6539,FORD,2010.0,WHITE,Hybrid
6c6cc4c518e70492231337ec2a17326e405aa40ad33ee5476ae03da97fd492e9b5c0629b844060ebdc72d85af6ecf741a16cc602b3dbf9dde7b356fc915db043,5756,TOYOTA,2015.0,WHITE,Hybrid
3d40d8f1773ed97088a0ae1f9438846e0b80e89fa5c97fa7c73833203f624618bc7b2f6393758fd91f72764fb5f51001287112d0d68f9a167c0968c9c89732f5,2940,TOYOTA,2014.0,WHITE/BLUE/STRIPES,Hybrid
7555f3aecc6ed3619f5e16fb9836afa9df7ee98d7ec261f5be88fb44ab81dff83f9292792a65316ab6a3a92764c8944ea4a56c9649bc4673c0f621b5549a3d96,2782,TOYOTA,2011.0,WHITE,Hybrid
368c2fe7411b3ba707de6ecc150eacc272f347c45202e865e4002c347b3a03d6ccb804e2ae8da9cf4f229b9740ed58cc120b5e348a26a8b49d31489106fb55db,3002,TOYOTA,2012.0,WHITE,Hybrid
3300ef4ef04f16fe8224adee10ae27ccf7a13236c94fbdc1ac7c2ad805a0143b10228c75fb1a75b5c033eb2ce49c7d71e20917e3ede6afa67e702b33eda7ac6c,808,TOYOTA,2012.0,WHITE/BLUE/STRIPES,Hybrid
d775e39a1daa4f149cdc4ca4cf7aa460546f151ca2ff311abf6f4c9c333124cfc2d019b6b5a5a3b741d54f76a4ac0794f868820b0f049f66091c1a5fed1d47dd,2037,TOYOTA,2013.0,YELLOW,Hybrid
6b76f128c41cb623a7768f21d1eed44de233cf533eebd08f3f5d30c1627923befee98e60f90bd8c204480ff4e7cd12396386d1585895fd172e605ce8b45e2f87,3095,TOYOTA,2014.0,GREEN,Hybrid
d799a5e48d8b8eee81aaf2968be9801c28b410337d3d9c2b2bf22462fcd441450c8bbdbad91a143b2d5b07d56114c91c900f7683605a7f3c3874a24aa7eb8ef8,3285,FORD,2012.0,WHITE,Hybrid
40e551f9ee122fa5a62002a4a653e5fe3fe7739318b20872d3595f98ca265d39c33a605750b4e3f5f9667a7f195e24d3836120d88f915afb39bbfea9502610ec,3106,TOYOTA,2011.0,WHITE,Hybrid
2104bcfe571fe3f25079dec505fa48dfd86072a7a85c7bba744558a3714e29a01892e054eab767c575a21b318387d1e672f756030bb03bdd5aa2a2f06eec3594,1503,TOYOTA,2012.0,WHITE,Hybrid
777918874d6122ba000dfee0e79aa1d3e71af774c4e4db82e0cb7e1a30a4839dac81b3dfda4e50f3626ceb8e9d3e307b836c7ca68dc1149c798861420055c98e,3060,TOYOTA,2013.0,WHITE,Hybrid
ee0a945778a6e3d37f8d6473b50fd38f0c7f24d05ead76110e6bccdeade9efcc5caa8198f63e86064e2bb53d78509d953288b07662ce961603c686eb7a25fed7,5029,TOYOTA,2015.0,WHITE,Flex Fuel
98218edd8c1afe2aa636693c931d34e5bdd76df10e1b6a6a27e60e8c986d6ea26ae13a0428854430b350cd2066a6e8e35d34e62b0549e813c75b408f155712e5,2349,TOYOTA,2015.0,WHITE,Hybrid
88a493149cafbde5ddde0280c77cc90c26a015c260df782862778150cb2e0dfafa209fad1dd859dd247e43970899c6dbdee5b033cd68ad5beae5af387cd1c55f,2435,TOYOTA,2015.0,ORANGE,Hybrid
b0c2db08b6f6bf8d19a6412bc3c5023d9810394b71d12f63dbb3237b9c6b490adbf9d36d2aba22abbcd1981275609f15e480aabc0ba116d9d627ebbfbb6862c2,3128,FORD,2010.0,WHITE,Hybrid
bab73d82a115cb08f1bcd17caebbb2581e3a6f29d92adc859f44304acc357c859fb025673c5b9d6379ab41c191ca7b09fa7275a1ee66bf2e3f55215c1d838430,5563,TOYOTA,2013.0,WHITE,Hybrid
17d9b7691aef7770e5a9e499426b26049100251dbb41dd8717b42954de963b9c7b3abc00cf2928233c830650bd9ad3b4660b4ccb645b0075e054c6ed755bbe91,3984,TOYOTA,2013.0,WHITE,Hybrid
f892614bf893b49cba778a71b629054fe7bf5ebad54364c96dbbf2ba782c04a49e17347a31f4d5e8c0c06713d50a99d92d4fb62e6a57f243fe872495ae8ab415,4539,TOYOTA,2014.0,WHITE,Hybrid
53de0dbfc9e66a4ae663f3383fbbf41032653d04aa87007a3583585c3e79258d87ffb7cb342586f73aa690d69f51ad88ef29a3370b6d681ed78b5a20726d9ded,1247,TOYOTA,2013.0,BLUE/WHITE,Hybrid
c53dba6f2d4174b792e113023de74f54e5af52ba87cf1a0610f9ce669032e3ed9eea4c9b7a1c6185cbdfc3e98163e38a151c4807a4a1db9bd977043f3bb836f4,91,TOYOTA,2012.0,WHITE,Hybrid
b5e563475714c9be944c844b7bfa126481e9f9222ff26d83ddb0e79127214781cb8e81ff78e2c78238181f28ae079e3b66a079314d2362d0cc3f9aedfb716a10,4434,TOYOTA,2012.0,WHITE,Hybrid
384c5419c402ebe4e67e8f67349457178798d0ea5022ca45a2ff479c1d42fb815d84225c857e18c19d30b31ef3630b81a9e5cb1ce0c93464b781c3e20f59ac05,2162,TOYOTA,2012.0,WHITE,Hybrid
0af4876d70205ccc2682e6d853d19bf42a30ec9f80fea208f453975e61c55fa740561028b4b80c922da55dcee028e7ddd55e6b69aca25d204e3f0ac7b5cf53c3,5947,FORD,2013.0,WHITE,Hybrid
295c0344fae82b9685fbe4fff7851fa382262dfaca5092c8d2eebec5f02ae04c35ffe1d072e157a4d89a0c337e412918da70cb267d161edefab0cbb81eae1a93,5415,TOYOTA,2013.0,WHITE,Hybrid
6b13f64954003e46e0831bab52e2593cacb51d69a49be67e8af5b9e10bae302143586ea85471afd0abdcdb892edabea9b28b5fa574c56bd0b6e8616259c29d1b,4787,TOYOTA,2014.0,SILVER/BLACK,Hybrid
6e0a0360a9107f3cc0064a80f49f33a7f53e8aa6232d66b590bf83fca4277b3c6203ac04f2d404fdf6a57190cd50530fce8f585b9f122aa4cf98ff0c255e9f2e,3112,TOYOTA,2015.0,WHITE,Hybrid
612554819658c646febd5fab7487daad6d0e68fc70bebbd6a61b4e712d225cc30ff6ff0ae4f1b8d0a7874098d6a67cdc3341771b7754725868529ce6f4fb5a76,3835,TOYOTA,2013.0,WHITE,Hybrid
4f668f85788daa1fd884be02dd75752700bca77c2a9a53959f28751b90b20f5a4c3f0bb35f9f07f325cedb934b6851a66a9d524305652f461768be9e7cf2acb3,2461,TOYOTA,2015.0,WHITE,Hybrid
f32c0c8e63d4e5d4bfc7e9d57e5d0f6dcf28450850245d82d729dde7eb92a44d41187faf585ecd05b40eb253cdd48e9a1cfcb9bda17c6bc1df087f068afc144c,2534,TOYOTA,2014.0,WHITE,Hybrid
1f25a2b2c1cf1bd6ad6733bfa6eacddf5c9475102bfcd76b39ecab3ebbb2bbbd03a359ed46994d173cc6ee81bb555cea2ab424228057ea4b4170c43cd226bff4,3341,TOYOTA,2012.0,WHITE,Hybrid
81e50b99d35d234c09f2ff7764159b3963a6896af6c07ab83dc9402c8cf1441ffbc618ce122d7e1ca9544807ae3f6490c7769d85721b8fe0d9d5607a87335b86,3366,FORD,2011.0,WHITE,Hybrid
58b1c31975c36cd531a400d3251e6e31d1ede876dce437cf9bdc3d52c34f7225b59a04b11086d90b898f9f430bcbde3da510ba2230f9ac4d60fa03960ab99efb,6606,TOYOTA,2014.0,WHITE,Hybrid
330e2cfa9d185d86bcb2ada3aa163288a41506e678e3125ae6fd325bd055b39cb6295b44a5f4ea58c7b05114576ff180228767d5d9649c73a5748ff7108aa970,1068,TOYOTA,2014.0,WHITE/BLUE/STRIPES,Hybrid
a3a20d914e95d3614ffba9e5e61415aaa3aa987cb5d503e4e95a54385bdf764b102029cecdf2a544580f2e64840aae51defbb37b4eb5af247af9d6257dbc6ff0,3616,TOYOTA,2013.0,WHITE,Hybrid
8a7a9d350d752cd6d0d4d8581a0525d3a6e34c8aeb868dbe83b20840b12a68084bc6ba1818b1bccb5b77b1f49252fc1c4ef5ef1f3dd02b5bd83e1742ae004864,4102,TOYOTA,2014.0,BLUE,Hybrid
74ec1551363cdcffdadcc2e4d63620f021954a2c1d75b2d38dd1d579bad41fba7dc90ab7815cd7e35957612463be727c5049b02e3d4c32c01fbb4386ed204820,2390,TOYOTA,2013.0,WHITE,Hybrid
3284b3b2e25e89191c37917af7a46b6c87baf90075ce7a40e8b97fb8aa73bcd02a2579a6be5f35fcbc0067150869315a9a7f87504f8935fb771f2fc2fb0583f5,1365,TOYOTA,2014.0,WHITE,Hybrid
922a0223b6c4173a158b0f1fed098dd8c6e2a303f520b2f7bddc4c91f20c44ca14b828774c610a6bc153cd1d67b5987fd70c3a2d3eece7b13e8b1b033c096da0,3802,TOYOTA,2015.0,WHITE,Gasoline
1c114e5643a23a88fbb15ccfb348e3701da56499e231177fa2ab51e8309999c3c4151aae23c35ef71714d795617461da4a5ae67928973dc634075ed5add22ec7,4386,NISSAN,2011.0,WHITE,Hybrid
bf0b987f41a8c368a072da293f9fb1aecc8a39763ab6a449f1fc4817846fc277c3d9ed2412fcb191158c617c4e1ae27d09a9fab46b98178066507bc8ffa9bdc5,6746,TOYOTA,2013.0,WHITE,Hybrid
b972ec70e50b0f04e4fa382c61337d527d0cdfcf2c3007f28776933fe723960f4f35af95829923b98de387e054b62c6e7b1d233e0783c19d80e4226f45581494,5006,TOYOTA,2013.0,WHITE,Hybrid
d404479bf8b43d677600cd9059c4917dd8fc10b51262a13215d854326b4aaccb25352deb32e235a92c5b916aa76a5d72e22e77470a0e02e3ba623a10647bd9c7,4009,TOYOTA,2013.0,WHITE/RED/STRIPES,Hybrid
1de191ccc486f8d0e0e6b25a03d592e58ed4511cfed79e912c895802cb808ea9a2d609cc77a536d7ad6431160a92d39dc6b79ec88381059d540f95215364582e,3993,TOYOTA,2013.0,WHITE,Hybrid
f4275d08eb48c554a46a407ad6cd014d5f1442eb1fb68d78c698d438733b8f1e1ce11faa9bd5a6c1a01308d0bb402dbab61ff52967f276a44437092115e3c834,607,TOYOTA,2014.0,WHITE,Gasoline
5866e731fed5c82556c87a73b3ec2e19dd13d4cdc46a341b98f62590a68c44a319b7dd8641956a012079dc18e85e48dad0cb2cff696127e84d5efd157d467b27,6717,TOYOTA,2014.0,WHITE,Hybrid
12bfcfb8715a63cacb9a4bc127f622071bab27b36a8488cbeccd3b5698b3f8ea9292662b3468f8d4668f1b84f5a96d8fd4436522abad8b8994c7ad40309a1805,6599,TOYOTA,2015.0,YELLOW,Hybrid
6b26c69fc065a76bc0f99aaec11cefee5b3957a2398a78d52e1d2475fb456e28c56c28dc7baf565c0a6867bb4f823c40868399c66929891e46e0fc5db50fb80c,1851,TOYOTA,2015.0,BLUE/WHITE,Hybrid
9c0139e741b745577a98691c70a6e8fcbbd27561f827cc1ab0aaf00a397179b0ec5bbac721fa43ae3abbd0da6c6c3b9d2e66f5fbacb59adfff75d19efdbc8344,3934,TOYOTA,2014.0,GREEN,Hybrid
b5bf5d282fa4191c68fe6552ccd45134162eacba69b016546bf50c530a3e16106cbe935615d58f34229d3a1956e6654baca3a01758345e388979d016a6a54494,1110,TOYOTA,2014.0,BLUE/WHITE,Hybrid
5732bb53e9becb096e11b52228bb5079a585622bd15b745b5951f8ae0fa018ac511f3faf0863a9e890c5b8be5a601b6ee2e6301404137fa406855840ef83d45c,1456,TOYOTA,2012.0,WHITE,Hybrid
5f7765c52d980d9aa8ec18e22238a879028bcc404188d0386f113500e535268e98a360be84189ef8a2dcfb545886a25b20bbadd8cc4d053b09ba098e870db833,2062,NISSAN,2011.0,WHITE,Hybrid
a68ae6eb359cdbc42352278a93730eded7c91af5090a44c8d23a39d47def12b1d86118fcd77f3e27a1387cdd46204e7d0e6d1cc79659d0562f906992bc5e5c32,2573,TOYOTA,2012.0,WHITE/BLUE/STRIPES,Hybrid
c68970b1079add331119dabff199e0419743d55d641924a61c031747d8b50b5e4658ee24265ae9cc18d1835b8d351f2fb4a42ba3dfd3204f783391adb1bde16a,4151,TOYOTA,2012.0,WHITE,Hybrid
eedbec899861e013b55fab98358795eda2acf42e9018d45022cf0136f8b81f6fd8a2c334fc1de11a9ad50066fcf0b8ef6a58ae9e3511516b74b9db7e696f1421,2027,FORD,2012.0,WHITE,Hybrid
ef6850b40b4a1f3af5932407bd18736b8ca8130bb98f5fb11d06c7252fab8661e1ec8c8f800d0cef118faaf47f30c6cd2c7106880e304577d12a964078ba140a,2861,TOYOTA,2015.0,WHITE,Hybrid
59f174de213e9f745ae188f2cc9db91f966e7e18e3d3d66fd55e2e43acb7ed0ea05637472bdec517d974a7265004165e035284572cd863c25aef71c8842142f3,3646,TOYOTA,2014.0,WHITE,Hybrid
7a94870d6dd64df1780e28ebf8ca00311621929b717fa4081d4c476fe4dee4469db07c62388fc97517590883cda61fdc2497ab25f4b699a4d4fb03f53407c334,3793,FORD,2012.0,WHITE,Hybrid
7635a82f43e028db25331cde823015a9cf00b79b1c47cbe342bd79689b32e213bb624f12d5b3cf6b8efc9e5f1449bdc7a9fd0f37f6f8995a9a7c41f2de807aea,1922,DODGE,2013.0,WHITE,Flex Fuel
825ba557b43ce787e35384453facf99941fbf6a3bfc30a069fbf8b1b02fdc15396b76b21d7adc87d3bd266fd3b5f3884aabfcc459d5b334efe0b0064a0c274f8,2750,TOYOTA,2013.0,BLUE/WHITE,Hybrid
fc8be1ea1e079a3aa4af2ffe9f1c120c15770e0ae7b63271a9d5dc8a5dd94a4d388b7cb60bb684773217e1c1397b6fa4583eaf15e15b8d6506165f47c0ae2966,2034,TOYOTA,2014.0,WHITE,Hybrid
52adf033bb533b6bd92cb6b683766bbfe9f239be7cc40c0c1804d0b5755c08eddc1328a42efd64e2d7dfe7f04769b2a1499433ef3bd032b5f57f60d17a3265ed,3404,FORD,2012.0,WHITE,Hybrid
aabecb47e958f99860a3b4d01f14d53644ac26126d9519fb41e244e75631e1aa097d97babb6b5d2490b03ec425f764d7d6d242372965f675e3bab9bd0eb1a4db,4372,TOYOTA,2012.0,WHITE,Hybrid
6f0b7eabe6937b1fa433fdd9dcc630ba10a3d95b824b2e8f238b63696c3e99bc5c69c15fb408ddef4c49a177f1f07507dc90411bebc2c99d19b9c1649b7f017b,504,TOYOTA,2015.0,WHITE,Hybrid
d6cda2b994c440cc9bc077eb7ef1c071b9b5e36a22b8f43504a63deafb3991e4cf2405f291811bd93c26abf64c7ab4facbeb64a32120ba0ffb9bf60ba94a221e,2081,TOYOTA,2012.0,WHITE,Hybrid
83475bc1d2aba20b9ba898587da42d6ecd319ad5328a35d7686c94bfbc8aefe4ebc23c7bb92ef0e8f6773ef2483dbdc8e15df98672a81f7728c6df04cdf5aa4e,3815,FORD,2012.0,WHITE,Hybrid
b0632aba5a7b1be81764e02f90c401d09079c573737500eed8ba0ca981b6e9719694f810a2da94e4468042b2e9556028614f28f224d82b39b419d58a9a3623be,490,FORD,2012.0,WHITE,Hybrid
58ba68a5ed675f1dd391281aa8853366f7759face1a388abf6b64c8a9e5f24d65de820eb60b293a3a8b6dbd48e8019439535d20faf2576989701a5936c4e77b8,2123,TOYOTA,2013.0,WHITE,Hybrid
beb0579501b2745e10d12af72f99864d506abb7c5de1ebad3505133ac3bfb207ffff4cb70c00072aa1895c9f657b9535457108289825085a790991d82994f854,3600,TOYOTA,2014.0,WHITE/BLUE/STRIPES,Hybrid
5a1971297eb3be629bcabaea4e61f897ec1c5e41d8bf91686dda34e845bfa4d79fddb90c973fbcf7cde2b55741faec0c4fef6742ae40bd80193f8f1213923969,5064,TOYOTA,2013.0,BLUE/WHITE,Hybrid
c923649e8d4acead6b10eacae515abc9dabd39854424fdc9216c7bdb8269078549b35d89c8cb9741085a1a361e6bfe69a32df7d8ec9959d4a8f92bfa48a71667,2361,TOYOTA,2012.0,WHITE,Hybrid
f9ccea6ec8d61adb4b8ee9c07f51c1e5b1cd8d023d05329a305d62c6c50c867355487567bf97124e31265274f094311bf23321e3b85833bc06b132914c6bed06,6836,FORD,2004.0,WHITE,Gasoline
c7cc8a8dd5c3f7358d0f48468702ebd3a8fe989dfa9ee23fc9d77e0e4f265a20327bedd0ce26646fb1e2e6c4d6962f740ca13ce8ccdfaff3d9f7500c94c0883b,5687,TOYOTA,2014.0,WHITE,Hybrid
fa667bb445ca552ccf9ceeb76c68ad5fbde16a6f1ff2ea1a02b1b83b858c909b7bb563618b049787a8014f14e680a925129a3c71d46c27e6e0ac3a971bf31efb,706,TOYOTA,2013.0,WHITE,Hybrid
c797f1560410b9db343567ea7c8e4095f66ceb65800fa466623d4695efdf3151679fb9bfe88ee18d47096e518c23d9c517e741de11df233e4c4bc11da8c3d8b1,498,FORD,2012.0,WHITE,Hybrid
da03619e6a98f73e9c03e8d19e40c1935c831d7832f7dcb498a87e118795b74a4cd2c7175036ac033aac8005fcf95ea6eb0f37e9622f990afce042a2574960a0,55,TOYOTA,2015.0,ORANGE,Hybrid
d441d87a68c1f06cb8397d5230b7e857b91e58cc5e93f79c7e50f608c15bd6810c895f5e822d1ae369c1ff1717f71bdd2fa376385f408ce241cdd472efd21551,2732,FORD,2012.0,WHITE,Hybrid
d47c7b3b25cb2be3aee876c689a2a244c456120bd84640913315ccbee1bc72ebc4e978d7397778782f2ca1a7723c2162a49b1e60cdffd15c7d31d234a4a48b32,5369,TOYOTA,2013.0,WHITE,Hybrid
55046f224fe55c857982adc1eeda0d2b083e3b1c1eab1a846a32ae00a5e9816b230f541701c71664606a6ce8a5c5a32d57170cf6b219fef58082da5587080e95,3479,TOYOTA,2013.0,GRAY/WHITE,Hybrid
33e48eba814d2faefd724c8d30f3b992c3766424e098ebe81dc4433f8cdbb5d41b60afb2a4763b9373a8bc882bcc5126a8e6a1420f4786f66b1fa457233cc25f,6854,DODGE,2015.0,WHITE,Gasoline
b31f46efa11263565e3dba91f26ff96b74516e8108ac56ea4c60d5169362f8b58d12973629f150102f76fc9e4964e04e896153cd629a3d36e7372498589730a9,1216,TOYOTA,2013.0,YELLOW,Hybrid
dd7168e09960e9ad844b244381925704255c8f01d1b6afdf8d797b4afcc4a846b8ef5958ea552c4c34279bcdf771357734369be43facfb62db7ec5c34ca92485,5328,TOYOTA,2015.0,BLUE/WHITE,Hybrid
a0e344678a8fd21c3c78effdc30c485f4b6a7fbcdb4c4fb8446cbca60c20bf0e4b7a93ecc905e268aa167fa9e6c615f8574897205c27bb5e218178a221f08cfb,5974,TOYOTA,2014.0,WHITE/BLUE/STRIPES,Hybrid
fd8880cb7750013a4527e205b41a2c68a1609aa33931c9c0c99833604de729b72106dcf4b85603eedc6d92233dda7c47a4cacff5f821d4e9950705b3400755d7,6071,NISSAN,2011.0,WHITE,Hybrid
342474dd3a24c9d5b7dbc2514032a01ecb396624638be510614948e1bfbcaff802b12a713e58742d8597899edbcf1c4926ae2238b9612b4f8c10faad33621650,167,TOYOTA,2011.0,BLUE/WHITE,Hybrid
6f4196b48b07e4e955131d29b94981a9d1ce571e8099c5a22f49fc0b38fdbadeb6d7c4525de2f6cc62e0cb8bed044343b07bc2cf473fab722466012676c278f8,3023,TOYOTA,2014.0,BLUE/WHITE,Hybrid
64375e2b26ec87f4da6e0c3b8887d949b8e91e9072a428b4433b3dd18722c50feb3be4456f9ce897346c8ed7c7ae7c72e6646ce3b6af81f9d49490d8e4f4d855,1882,NISSAN,2011.0,WHITE,Hybrid
150cb8d9e9ba1b14d5fc174512b5a94d85d59e87f00e04b6149338088b8f1dcd6579a0e4b28da6464605266f8ddbae451dde8a015e390103bbd47a1c1f5b2667,3476,TOYOTA,2013.0,WHITE,Hybrid
f1b29fd6406bfa14961c69a02d5192262ebbd13888b8870041a8eb94ec823ba0da1ec7603e759dc648d403dff157206ab7912b7c146277915394fa85847ea71b,4629,FORD,2011.0,WHITE,Hybrid
ce52963f41fbb4531e62eb3f716b7e9427ec8d2059563b2a86ec80a5ff7d0f708167a58c4420a3667d867116d015364d9d9dfe6b1f64750c59cb1902700935ea,4778,TOYOTA,2014.0,WHITE,Hybrid
b5c02d201b243945eb850f84478b473694a0b017009daa1ceb5a30d0484c916432a08de2b6fce0f2da653f40c85c89407725be5150a8c0b0d1244423890ab896,1761,TOYOTA,2014.0,WHITE,Gasoline
6161b78168fb8a51b06c3994f62522e1d21390a969e3b143fef021089396dc3e09774b53b6a6b03aba1add38e132f04d6be3218b85a959c241c0a5f2170c35dd,1628,TOYOTA,2013.0,WHITE,Hybrid
6e6a5b362c587541df94feb431decfc3cf00b653acdcdd3714a5c02e45e625e38e937247fc158b50bca036c698b3e746a60937492355287499aa60b201634769,6204,NISSAN,2011.0,WHITE,Hybrid
2ddad6fb91b653d7a960719aca1a66d5fe197f20d638bdab16bf113b1d173b0a443cacec4eafd407ea37fd2a22b9b0794edfce5b5a645d60a1a9e33b8b93035f,1497,TOYOTA,2013.0,WHITE,Hybrid
dd3c8e60b3a9f0f0f5fd8ff77079b695be42465d424cba3142c33998d6110226903c99cedc4337f20a8a2af092606232e2268b2fa61718b8b66e77ac65b4b17a,4699,FORD,2012.0,WHITE,Hybrid
34420c09ddb5a66884e00ab8322230f6c75705582d608dde16ad25ced37809796729102563e8ae518531f0f4271868bf3f2aa42e0661fdeab32024d6d853437c,1869,FORD,2012.0,WHITE,Hybrid
09ae211e637ee26a0648e80fc833f0c709d25775b2332ff7407bca698ad34546f2b3e04169204d4ffb7758ccda299ae2c76d753046a3dfd74a4833a8f7aac9d6,3117,NISSAN,2011.0,WHITE,Hybrid
2a039eb3d54951234edfbc2388c1578942063b3b3277aa936c1dbb432c2c7632c4cadd250cfe8cea69df85668e44452ecf88feb410ea8a57faddc617f6ade2d7,5718,TOYOTA,2012.0,WHITE,Hybrid
9776fb6202fccea3740fb24e33dc804041e071cd66ff7c6cad77995b2d463a4a7faeb0cce9fdb658ebb84798e989662523edb43dce0ccff79850881334dec11e,2032,TOYOTA,2014.0,GREEN,Hybrid
0423a2c129f6c40cb6fa76d3c75d1ccfabf46419f5de47dbf33100112914f87c299afc751127a1ffd9616f4a3d994b6e91ffb8800513c6883972ad7c8d3fd703,1848,TOYOTA,2012.0,WHITE,Hybrid
5eac444af144fca7873ee6adb92594ba02d1fb64a516fdb007745369b1370c7fada0c0025eed87a3d148be51f6a38d7b9a01839600f2956770eb87c27b0a4d37,4274,TOYOTA,2012.0,WHITE,Hybrid
cf201b86531ed045f2aba753831f73b9839ab42281b70385d22dd112410ac4ea690af2c361a8b5841a383cc189977110b6f205db10a5dc9970484079d23b0938,470,TOYOTA,2015.0,BLUE/WHITE,Hybrid
77e03a2a400d614e52b7b443e98c5b14f68448f6133f4a35be78693fbc8abb0935bdc1e1d883779205a825eaec78730ba9f5a9a5e8beaf6998e2bcb16295c29d,4994,TOYOTA,2015.0,WHITE,Hybrid
f20e36b9f1ff6294c5aa9900f857a0200d8e4313a6f87505dad6f5c67ef80896c85041362604953da4a5891020d144d0eae70450ff8784df027fb4c7380b0605,6497,TOYOTA,2011.0,WHITE,Hybrid
50fd36d5b8ca93535bfef3269ccd7c0f36dc63e55d503a0c6ada13a2f2302864babc5d7fa7dc3c78124bdc93a96c6d5ff6bbf9edaa7b82bb1167dabf18be77bc,6410,TOYOTA,2014.0,WHITE,Hybrid
d3d6eb0b7a9d4ab0e5a08f38bb7fb0855c4698a2b09bd800f2413ada03d84193d240c89b24b1ebb15ec263bebdf0b622f51e332bea26c6d1658a0edeacaa6dec,4965,TOYOTA,2015.0,WHITE,Hybrid
213cb87b9353531cbe1f6094a0456d586c651015cb15a5e4e1307a31abc82cb001a1648fe128e44775be12ae763caef3e468187344771118f8541e149c4548d9,4959,TOYOTA,2014.0,WHITE,Hybrid
973be0c1186c6dacc9181fa2519ae7b2680a9e507f6d2ce40a9b9bd99c874d1034003be45b207138e00ad4da6dbb183bd2de1a4ce2c91d94f9ece0d750808ea9,3440,TOYOTA,2012.0,WHITE,Hybrid
c2e7a6ce213ecf27558f9786ee71ba5f28380120d5f4bedfc31d6bad3eac41aa90677ea1c2ff788db7c8a732da22f9320a1a138b29050dea5ddcfec5faed2397,5000,TOYOTA,2012.0,WHITE,Hybrid
abd1ffa32433ceabeb49f4461015b38ddc252847ed3a29320aee6af650ba1e927195d191bf191f4f6f329ad7512a3f0f8e43ea844f3ead6f7c50fc4f0ccff08a,1874,TOYOTA,2012.0,YELLOW,Hybrid
f72e5a6c73ffc00db14fed008a2269292669ef0c98648e156474b57d928c7ec272e2713851f31c58e9330cc877de0471e26fa17f4747421df7d255c3473573b1,4902,TOYOTA,2013.0,WHITE,Hybrid
a0a5ca80f20ed5f103270c7c1d197539033a94b60c6bbd1fea12ca5cecbb7734f733017f011ac96e5c2c77cba39d017b62c7d85761b22c15fb85a542847590dd,6922,TOYOTA,2014.0,WHITE,Hybrid
476c0017d13687fac2a4fc4c45c9dd1d8a1fb3dfb0da84c90db600ad0fe1a7f7b2c6e4f311efcc3440e71892534f5083838f94b8021447cb71347b854830d2eb,3695,TOYOTA,2015.0,WHITE/BLUE,Hybrid
db082c26203779f867e87e701c3c8dfebe3611670decbb96153651587a91e255ea0ab461508c603c164d4a70a0fb92099744f959a2ca6c4d3c15c3e8ce871a28,1913,VPG,2012.0,GREEN,Compressed Natural Gas
41a36425261b1f11b76cfb1e34fe8483c0d1517b452353597cbf8539112e24e14b2196965da3a2b6e898b1b8f97d8ce1579dec2a7bb10ae51e3b9fd0eebf8fe6,5283,TOYOTA,2013.0,WHITE/BLACK/STRIPES,Gasoline
d48cae652a1b1897292c32e638327292dd1a5e27bcbda5cb4ec9918f14e93545d93ae18d4e0c154a3e1a7dac55595881beaf7466c26d6c7257dc1219f461f754,4046,TOYOTA,2014.0,WHITE,Hybrid
0c16d63294bfa9a1d6452cfaf53bd8479acb2161f88c3f49cfc760ef4964b9b717e7695b79231a7dae2dc16e9aa22d4ad0feaa49138d1b15a7607e2e9c2b3286,3424,TOYOTA,2015.0,WHITE,Hybrid
c3e9c251fb3852eb4f364ace779a72383337ea0a2f309300d98c1720289f0895e3c73e22479c5ec0fbb5a1755cea9b27d0d8b6485813964dbfa36f03383bea94,5573,TOYOTA,2012.0,WHITE,Hybrid
13c43cc60b31fb6b669b9754de06a37efa94e593ccf126b2ca7682ff4151b280e1e7e8c85c3f6b14070edf00416ce50ce4e867d503612ca76b2b0a032daa6bc4,4621,FORD,2012.0,WHITE,Hybrid
961821de614d231063968f208b3459b4cf63051528c3f8bd5ba058c3b5ababfe30c72209067e9dfece49bf49f5a19f78feda573817a433a64a5dc54391bfbf99,2049,FORD,2012.0,GREEN,Hybrid
56ebda9e81151ebf0a9cb18439158956e9b2262f4d80f3c508fefc1c443dda8cdebfd3e71c9084d3606438745735f66789a240f7a0c0e8a723a87c5fde14a92e,1940,TOYOTA,2014.0,WHITE,Hybrid
893683eb87b249386617c4bcb07ce2eb38fcfca481aa806d2a7b97d06ba76fa5f89ea018e5714543dbd293d61e6d51c4aff4e4ef399a16bf4e8985b5eb91e271,1619,TOYOTA,2014.0,WHITE,Hybrid
87a6bfc514492134d6d3bbd9ba39f2f5028dde6f3f6d8cd6809ad0d091048dbbdb71b852bee27cb550c3bafd8ac356674aedb09a22bc799e15f2a28962783f45,1352,FORD,2012.0,WHITE,Hybrid
3577d72a8bf30406c1346a5e178b7f3a0ce8e1f966f59afa6b9acfd4668b779e82f3766dd3b426278a666a18a9ae5d159070e7821e06c0c00ed390eca863e001,1984,FORD,2010.0,GREEN,Hybrid
8d87d56e25d765cf58670324e654b59cf9547c9ff1f96ed35a8aacf52fe75c25ae4fe7687f1169629999a7db4e3463ac7148f4b481ab3b4b6e1cfba53b0e660f,3719,NISSAN,2011.0,WHITE,Hybrid
8b03a5197351881144a2dc75051fa42c5be44a4c2c4be1ef9459892a0b3c4daa1c76580a5f5fb83476cae172ff694ecdc768760826766cf5ad54c7ea91df9e57,5294,TOYOTA,2014.0,WHITE,Hybrid
bc1bb780dd36d5c571b58fbf28f2942790b6ec912bc3a54e05f64f894e76585aefe88970a9f9780d5d4f1ff2dc4b8dd1574f78ac137a6ca965c24b5ed1606ed0,3945,TOYOTA,2013.0,WHITE,Hybrid
9f87b11be025b5dcc55e9472b8c2158664c97d193cf15d9b019bd2656290938cb5681d3c8c5a8094ce626f93e1243a8932e13f58a1df16ce3f096738159009f7,1146,DODGE,2010.0,WHITE,Flex Fuel
a432fe577b3d7f89c3f91153dab9b75e527e63809a82a3a96388ec67c16f4150e361ee3e251ee9451cf3525f91dac89904deb7dc608349993fdb4ad62ba9a210,2078,TOYOTA,2013.0,WHITE/BLUE/STRIPES,Hybrid
1faf91220a6cf3f0796171853d220b94ea854732990c5674ae519cfa76806973dc8ff011cec176172e51e2622a8edb6c619ddc30fe5a4a0c1e6f58d46d948644,120,FORD,2010.0,WHITE,Hybrid
f4372b0a8c16860fb0255db2c51eb703137735429b8b21a7bffddd3850948540d4ee8ed0962cad273c1fd2d65fe8175f9a896a671c7fc43af0d2eced515e6eae,4743,TOYOTA,2013.0,WHITE,Hybrid
df2f58c4004453b90fa9582a69fd9fd2e4c5362ecf0aeeb62de3b5aa45228cd997f8dcfcaaa7ec1b24e7317097532cdd056c6043a865b541ede293aae267f35a,638,NISSAN,2011.0,WHITE,Hybrid
e4ff1c7d29cd40990fdb257631a895e96be0e87c1e174be8ed7669ec389e620c57cfb1058e1c156edcd96e7208d2cedb67655124809e528bc4b99cfe40ada071,4124,FORD,2012.0,WHITE,Hybrid
b19847c6c45cc89f385408086d905e8de9069bd2ac17152c89b935c7f6bf40644a0ea3608b3e3929cefc79c46487e8439ec47c0bf85d8f98400dd44bc23323aa,5155,FORD,2012.0,WHITE,Hybrid
79a7b43709940cecf9e4de5c3749dfad156ff34908ae104b122132edaf5f1dc771eae84cc877c0259d3c3aa3df9b04a03ab1bf179eb5f3447740155fadee8423,3623,TOYOTA,2015.0,WHITE/BLACK/STRIPES,Hybrid
282f6fefb5261b5b2642a9b4702b76641a0badbd14f304739740d72c391b07bd2c2a7107bbb67f57e9985f2a3f65658470661f6e3bc89715e99bfea1de7c5287,4964,TOYOTA,2011.0,WHITE,Hybrid
9f8d4e7bd5776b875eac61e628f3b61f327647fa6a185d9fda9622fa40616d4686472983da5fa8567d5b6eb08f0eaff2c6d3b7474ef03a6c691993dd486125f5,5008,TOYOTA,2012.0,WHITE,Hybrid
8a124d2c970b8cfed4f9f51b751c8189987f7c572e8dc660295d2b5000ec386489f350c1afdf255cc625996c487b021deed733be593088a5bef2781a06f179f8,5204,FORD,2012.0,WHITE,Hybrid
6e235f0eec31b0e7896536a45e90bd09ab000d66e8dc6c229c587ef2df8e5d27e09ec57541579d1d15df567555386a33c7868e795b2bab1b920ac4c8faaaa04a,1484,TOYOTA,2014.0,GREEN,Hybrid
587aaccc096fdfd5a3a683bee38b1e16aaebf0df7c80ed495b1094e1a6d7d60b6948385e8eea8e97ca297e964d7358c5aa899cde8dc8e4d5cc2446187e662fc8,5837,TOYOTA,2012.0,WHITE/BLUE/STRIPES,Hybrid
cc33cdc1816a9ba9822dd033062f8d414cac183bbfa7fca8d3a4929dc6372f0609f6ea873db5a19c25d1e03793c1e83a4c892eeab5dc9c23d2fe438f4cd309b7,378,FORD,2012.0,WHITE,Hybrid
fc97535abdebf21e4e05aa6170c705dbaa0a6b3006e491c96a4c10ca55100e769efda654c9d972de52e374a4abb60d08141b179261efb0779b8973c72bb900bd,5852,TOYOTA,2013.0,WHITE,Hybrid
44c1eea2d4766b17bf5c76c698ed52edefb028fcc4632f6aadc0c58dcbb38bc83c52d9c177291670dfa46494b112cb7f4cd38bbd84e099fad3663a1d51b866ff,5956,LINCOLN,2015.0,BLACK,Hybrid
8d84af86ebb1657399080c7dae8fa82df890f8e15918482aa91be29170e4ce6ee85179647ae8882fcdece7572253ed0da1bd9a68cc60a6f1c7a5e8f5b974fe32,5196,VPG,2012.0,WHITE,Compressed Natural Gas
00f011f177d14242f8a1eb4315abe2f7b82be989761ed13493623b7b7cfc77481e3364cfab94e636db5e0dc6973323d869029bf56422ccfe08dc2c02c46da525,1704,FORD,2012.0,WHITE,Hybrid
9a3c52aa112f46cf0d129fafbd42051b0fb9b0ff8dcb0eec3472aadb095f24941d44fb1fe3234703ef05cc6069702d07f5a27606bc71c85426ac47b1b29728bd,2047,TOYOTA,2013.0,WHITE,Hybrid
fcde87feccfb80afe30ec861fbb49e67758cd1627f695f9a748523901ef8c8000cb967c3701a6b45e2532072705f988d44084556992d49df00af1299720b12e6,6940,TOYOTA,2014.0,WHITE,Hybrid
a13cba3cd300ab5ce3853c998d6fc8b4c6bd2fe3a372206607aa4ed0f935cc0017f7c35aa62a61cadff30fb679ba0f4c33cc08874c94c51f083b5a7d1ba9bd2c,869,TOYOTA,2012.0,BLUE/WHITE,Hybrid
3eec027c2af8bfae9fbdf7070af4eb229d87fe60436883846f3fd76b3c9f3776de567fa97ba825bd48401ea87499613fe4271af15b238705af2485017046a17d,4547,TOYOTA,2015.0,WHITE,Hybrid
b83ba3da1a4bc2a686d885ec2f802c3f256c518d93816ce9cf5322c1ab057d8ca4a6ad2891d6c2a5b311f1ed0e48c85720d20e1d7b20d77f50e15b94fe0a4625,6434,TOYOTA,2014.0,WHITE/BLUE/STRIPES,Hybrid
d218b7f63be332b570154c70d05af9d0abf5fe351877e5badc7ef5b509e26bdd1b47311d23368be56a3cceb630700bd58fd43231ff2bf5b7d0e3295d02a8d725,4835,FORD,2013.0,WHITE,Gasoline
ea214932102d54ad8cdbf0e0880a3e7a0902af5445997192fa9ab6a80273cf4116b1a22861f064b8ce5c9afe11889c2393afe70a86470cad7bee1f0f7886b976,1899,VPG,2014.0,WHITE,Compressed Natural Gas
b41adca9ab700712805f97bb45aa12c1163013bc7c842c946e034c4b42014ffed9b5ba923ab8f846d720e4e62c61d5717ce0df2bbf7b5f26c83327618f3da329,4631,TOYOTA,2013.0,WHITE,Hybrid
81a3c8596bd2a9ea035f69e26345ff9c6aac4e0fcf2ab34aa95e4b8328725f7ae339ee05b641a62affe8df657b5d4fdd2d32f52d151f111fae74afc1cab10484,2626,TOYOTA,2015.0,WHITE,Hybrid
cb2108ffffea160b5884f9e8a9c6d1c53b25dd9def9778095694a9923503fc661fb0645ba6e97e0614debcd46fa21af27478a409d7ad78325037523e4ce8096f,2943,TOYOTA,2015.0,WHITE,Hybrid
442f4c9dd3dde549a82c2dc0ef65b85e54664aa28f5b5509c49e1e0bd4236b96c06ed347ebaf4f54489b975efcbb0a9edf4b893a160849d29c95691be7b8c239,6042,FORD,2012.0,GRAY/WHITE,Hybrid
e2220ffa732911479743dfff0d83d68d3e598ab3018c1f824779eeb63a3b52e141b3bdfcb64f15d88bc8a3eb405828e262b96896ca25679b512af498b5135e99,4572,TOYOTA,2015.0,WHITE,Hybrid
c0b25299131d721608f266e25745cd5c85063f6ffd3093e430a8e0f525575effce83e5c8b0e0b25ee01e9857afe576648d6328b70b6f844444bc21a94deb5d48,5178,TOYOTA,2011.0,WHITE,Hybrid
24d4c5e51d147aecbb7c4a1ad70c38dbc05c7b4485f6de4b41fee5ea270228859c19c4160b101df87b889acc5cc7ab49b5e0491676026518677d34ea81f76591,4518,TOYOTA,2013.0,WHITE,Hybrid
b21050ab3ad3d0972fd6378f6bf4d0251a8a7af42e6e0e136a1dd177b9f7f5b1e12314f90cf95abad247003d029f7a4684c33fd70e7d5c5b0a5e2e14d207ae4b,4285,NISSAN,2011.0,WHITE,Hybrid
a28380255b7e184da541d8a3ee5889651df63f35cab85981cc0c3a4ea746bf06214c3b2ec866d654ab8f3d779812be5eb545ddb38f6a587ad8e4f09f64c1f958,4894,VPG,2012.0,WHITE,Compressed Natural Gas
daa87fd285aad3d29e8999316561c9c5dcb69c1be4bac2e248f7f8369c8ce81c933bd1a04c2143428f6c4dbb0fedd59bae40b29e41702c4ca0ae29224e5d541f,2569,NISSAN,2011.0,WHITE,Hybrid
9281d0b47824a78a6c2b5073747d844d8132bacdb03f86be33c3301db74f5fd574a382daf5769e49d729f9ec0a5d8d1e4d5869bd7fc4dbfa1abc13aafc5e94a6,3003,TOYOTA,2013.0,WHITE,Hybrid
60e9b32a85d0045d670d329891f51b9796543659769e9a90e5feea22d5c149df9ec2964a1d8c2e230a8dc0017e33b0e39991add0702cbc6eb195742f2d428c91,1643,TOYOTA,2014.0,WHITE,Hybrid
9de7f6aa5035ab0e38c4e42f261923cec4b3148c4fa298cfcfa75d728bc1a3a5f1ef205b36354497cf5c3ddd941978264ec414a7cd7b446937c21b9a1326dbc6,1195,TOYOTA,2014.0,GRAY/WHITE,Hybrid
f1e9f9f55bd887575f5816073c6720f95d46877aaa6d97f69fd8df418819751b88c83a5e6b11229ec778f2da6fd71dd475b282c93d9ffdb2d49d0227ef28865b,1877,TOYOTA,2012.0,BLUE/WHITE,Hybrid
849930a73e61db5b1375686b06073b52e56e9d372546cf8ba4b79d7cb1943d15a0d607779670c4d5094b283b3a94db8e96a330c1169d5173e5ea182abf6595cd,5209,TOYOTA,2013.0,WHITE,Hybrid
fdd492a9a185ffec1fe16425396edc6f5952d6971fdae0ce4c80861d47ad5025754fdf1f4a99627984a001ba4719f17a8056860d79ffc6325784a0e876c41a4f,5773,TOYOTA,2014.0,WHITE,Hybrid
a794218a3c165332ec58dae87dd0f733be0e831eaef78c2b08f4a05308b1a768e5ac24d6180101abf6604c2f6ca10733bdd8dca4dc8aac4cbcda4edce47297b8,3162,FORD,2011.0,WHITE,Hybrid
b9ff0218cc4a2561c997225b362b10b2236444fd535862d84776b81e31acfbad7742037ce1770e0d9364e49bdfb6ed986efac17f318c33ddd9b0cee8f74cdd0b,383,TOYOTA,2014.0,WHITE,Hybrid
7b553f6e59791a0d1b68d62e9b4928af56bd78ef6a77c0f4da183663ce2e2800657dce289906b691f336a20b1e32b80994afed002d2e1aa0aa4ffeb683fe0851,2999,TOYOTA,2015.0,WHITE,Gasoline
3a4ea954d4316a9f964becc37dbd73ecd4cd47cb9b8948bf5c61b3d6e61cf4fdc3e1b9fb1ed7137256ebf90ef39ed239fdd9ad882c9e084c669e56e83b47deac,4725,TOYOTA,2012.0,WHITE,Hybrid
39c4050e0bb9b128806d0e38f02385d245e734df83ff1d87676b1a294a40709034d3baad30789f64b9072ca071346d183acd392737678ac71f2ccc9f78d42695,5829,TOYOTA,2014.0,WHITE,Hybrid
325822c24b90e28594c09e37bef34615727e284addd53742169b6000033d30162c09f84cd49f6c87b1c41ae1ec1bf459f6b51b1b896ba144a8934d5e5b44603d,5293,FORD,2012.0,WHITE,Hybrid
5bf49ae440beb942355b2b65b2be139d6e3ee7adcf742da80e39c352f2612cf501e30e4f3892e4d176264251738d8709ec5861d91acdbd353861f864a5847831,5218,TOYOTA,2013.0,WHITE,Hybrid
78d4c31f72d1a5c5121db8c597ac33b8de4575fbf5cfe6698e98c9d03773cb6dadda7cb69c670c9af0892b890c0de7a16f5f7125da7581c052f298cfbb800234,1183,TOYOTA,2013.0,WHITE,Hybrid
d40dae7ea46d61abca67eb53b157fe9cf0b485cca6dce122604588a69aa6c4b6b78e0e5c5fd11f9702babd94016122df1d328a459c8b7de2cb37a1bad947b1fe,3653,FORD,2012.0,WHITE,Hybrid
e12d7334916f68b0a80dadea0c0ed141260197404a9a15f695e498456fcfc2250f36e891548ef1e3a5dc58eb387788f54fe3f52f53b877d7a2b355a5ff83273b,107,TOYOTA,2014.0,WHITE/BLUE/STRIPES,Hybrid
2ce840b44fa244ea47dfb86afff69589a13c283fa7b3caca4a0cbdaa43fad512a3c37f41f6880bbac5567d091b1b47ba135b1b2bee61a5cd88d11a9406e2228b,561,FORD,2012.0,WHITE,Hybrid
68438ace10b9aee5ad09ef330156159d49fc8f45cb5ce3a0e88e309210ea80ca8dcd98797d422012bb06bfc8e4cd4f81464be00acd4822d63ca5a9398d3f6b13,2334,TOYOTA,2014.0,GREEN,Hybrid
e44bbdf755e175b6a00e56a1d9c07e5c01d2d09fad85ed6813d93851c7655d253abcc476c1ccc7c25a255c842584bb29cf33d0991d79d723005133b567c8da19,6679,TOYOTA,2012.0,WHITE,Hybrid
9d05bb1e4dcb09644d765e5a52fae9d211d80711befe07acc68054f62b98b1811c4245a6ed7d5c92c10156fef815a89689df2a8035e3170c91eb74c97965c816,1967,TOYOTA,2012.0,BLACK,Hybrid
fc5d5e9a51a087dfff2b1080f44311fea61e7c7ee1cfa052ddf523b1aa1ef56a6a4e16d8928637b93e1c98d9360e82a5c49f027483e6d461872961554c25519f,5374,TOYOTA,2013.0,WHITE,Hybrid
a39114aeedff97cf4def516a46b1b415947cadbcf8d2155dab126ebd454f764445f6b83ccbddc342e81a374d1a7b933b8f454fe02b3e17464cc1307ca452e8e2,2755,TOYOTA,2013.0,WHITE,Hybrid
dc99a6b7916bb2dc16f1a099e29a3caf7dd52ddc34a8770c2b55f2be55cb2dfed2e73beefde456250740f26e64c9882ef59c02edd3bef0422e2335761f4b38f8,5560,FORD,2012.0,WHITE,Hybrid
9f67d56774eb87cc18038a3e61b166864a380f779daa20c2aef144ca91513148e7c38ba2fc3d9da57e2441d41fbe8d02f8e7410aa41a57a486c28bf56ca38590,2689,VPG,2014.0,WHITE,Gasoline
a327a815ec47517af7b98478563a9d330f9e1d1b5c1da230a7570d7c3773e490b61d0fd287fb2b58472d58cc92183ccbc925f98954a8beebd6da2f5a37422f99,1024,TOYOTA,2011.0,WHITE,Hybrid
4a92e87b38b564399ef6173eb3065d7d8af1d38cb3f8668897df603d7e5a51bf9dc2a83507c07ee6abd59f6243c2d288d0ce2cc21a226be11713b0cc83768d6a,2072,TOYOTA,2014.0,WHITE,Hybrid
0445183a107050077824c5eac5c05bf30a5e0c3b7649f731e2717a23dac6dac3b1eea754ac9a941b77ffefec70b150dd20f4e219654a0eb428cfa5d4caa9839a,2962,TOYOTA,2012.0,WHITE,Hybrid
49c4c41bd21451d471d34b5da91a152edfec58a3f6e38298c669ad8ee220d3d67f5306616fd782a1d1bf7bbbc64fc5a83f0fc3dde162f6838b9a3e3a30ba8b18,5232,NISSAN,2011.0,WHITE,Hybrid
829eabd1f1bba205572e6f6c9fa1523e83d5932173883c854553f2f653ec3d9fda5cd225bf1c694b00e45109df4b2f077a20f60135d2016f64ba6aa95a2cc9c6,192,TOYOTA,2013.0,WHITE,Hybrid
ce0730bc95b3154bf745392b58d3ebe7160eb13776b3357547854b7bb23edf7d1c2540aceb64d3264eb692fc38a3c592e4732a0b4b38a0161a04982255a684fc,3045,TOYOTA,2012.0,WHITE,Hybrid
fff3279af11dfade5e308184a5cc6c1ca2d33764634d962e589f6af2bf844c2dc8e6d8fcf1bf47f4364671bea6c8a8cb8b9990cb9f6dc608079e96aa1fec24e7,2992,TOYOTA,2011.0,WHITE,Hybrid
a3a9f591be1ca785c59b3b0c6f37f83341536dd329e051bcb4ffe0abcfc921038a609fe2f1a7fe0c635e09f4cfc5a3ca9a993266055de9f265ec407a16d02374,1627,TOYOTA,2012.0,BLUE/WHITE,Hybrid
fc14f657b5c8c5e8211c0cb6132cef2a70a5c8386897859957fd84882b8a2376d7c8c0cbe36c2825a17fa4bd0e4ba74d4af7c943bd952e11ef2b77053d42d770,2167,FORD,2013.0,BLUE,Hybrid
581a4c91f2422732748c82570f92fbf4805d5acfcd74f0b9c1d1c2961fe48131a5fc33618b1cc9580f674e110be44f6944c7db9f33652bd2a9b478edeaf17706,5742,FORD,2012.0,WHITE,Hybrid
a397d9b799309abf3cf634e0f7b3f8a647e4af6bcc11da250b48b5816dcbded0d42f725ee47cf2940e77c41004598390a74620692073fb780f12cc551c382681,2432,NISSAN,2011.0,WHITE,Hybrid
979ac750577e5eb556863d9e3625b934331d63fd2d1f759344c789227b7a648ca1b50788075b7080f4125d0201da6aa61a195a97cd78d08385b7311484cef00e,458,TOYOTA,2014.0,WHITE,Hybrid
fd7936d77256ed281d5a6fc525ba07adde9e8a22a474c7bb321078be75bcdbfa02d09d04596606fc81304fdfa4eea372a6ce56f8a8291a6c66eba0fb78e43f23,3800,TOYOTA,2015.0,WHITE,Hybrid
a93ee3151244675195a769fadd1f182ffd6e95ab290f62c30da7ec9f5d08710f8e4b8265e5a4415e758d93a4625d639e42c59f637562858bbbfb3dc9bf930f07,5287,FORD,2015.0,GRAY,Hybrid
666216b5f5a52f085505fe96fdb477d5c2a9b80ed772658a5767624ac2a87876e111fa42ddc2614c4f9c2dfeee75b2c6301f1385c1185890915134ad09f3f74e,4120,TOYOTA,2014.0,BLUE/WHITE,Hybrid
aa6b9d53902368246c7c1d56c3e8e95c16949882bc7fb77feb3f6a11a11e00f78a36051580a7a8b41b4331c9d11e42326c49e04faca73f7b5326a87ce65bf5ad,5760,TOYOTA,2013.0,WHITE,Hybrid
7dd80633118de4a33357f864d8e36442278fca095d484021e38920104d519315f35599c265e95c1932cef429243d0c396c1f84dce9dee5773459aead5345a3e2,263,FORD,2014.0,GREEN,Hybrid
e81cf4585bf346fcd7e146dc54f93935eb86cfaf8a0fc82a6a16a07598f418f292adea8503cabbadecf840eab380870874439809618ab239535790567986fc55,5802,TOYOTA,2012.0,WHITE,Hybrid
5364b11865a277ca8adf45010941d8e0026aa24c8f6765d27cec0022ee67f8ef9c089dee33b76f9ba688d53c7aeae8ff5be8540f8cc22143a713874bcd0236f0,5256,FORD,2010.0,WHITE,Hybrid
1f56b52fa8331c29e2db4edc37ce8938eaaf1dd3c659ed78daccdbc804be55dbf1ba5a37dd3b4b3c2e6d485e80f443600b07df0df55a19ef0184f703fbacb534,4425,TOYOTA,2015.0,WHITE,Hybrid
91d5288487e87c5917b813ba6f75ab1c3a9749af906a2d6b51a0e7ac2529660286c8b161f8e7f6cc840555bd20d9a06d42d6010bbca25631c6df20d41bea3b03,3033,TOYOTA,2011.0,WHITE,Gasoline
bcf2c61b398b31f7c6d43aac2bbe4b9e7d446c1953e05cfb2d3dfc2cf22d238f6a87ebc2be8225447b8d75efc37b5b25d9f27abbd0886144a069c463ee104d04,6678,TOYOTA,2011.0,WHITE,Hybrid
dd3ec76231a679ee3501f302592955447df6907cf2806e7a17018e18b258e40ae87564b9a860c84e3065f2607a124bc8d3f5a6bef15c65d3773959d62b61d4d8,400,TOYOTA,2015.0,BLUE/WHITE,Hybrid
b600ef5176e93985b36dec63240dd12a297e9caad071734d676ba19442b68f9b894882a1853e4d91f378f98369581a404373fdce7633f226fde0adf7eddb7493,6141,NISSAN,2011.0,WHITE,Hybrid
c4b8125a4c89c864b1f5dfc240ff17752f46dc27f574cf74639fa5fef58cceca766fa2e9b2ec2ccb2e3c8491ffef827e3531bccef703d5fa2908a726e1f093cf,654,TOYOTA,2015.0,WHITE,Hybrid
b0a37e022d5afd6d73d160af2c574da059146e2946c82a5c81cd7f5b55efe106a67cf173225e9032768707375d11314586f533e33491f47a02b1dc23280a9069,3900,TOYOTA,2015.0,WHITE,Hybrid
180b2a6d689cccad88413fb5ad24145cee508ea5269a4fe5af48cfe631372d276a6a3a95a0380ab58f055ce89f47c6f5ac280beec2c151000819365012aef9a3,4604,TOYOTA,2013.0,WHITE,Hybrid
16c9cec3bf7e9c7a75a8c64e649e390af508e6e9694b80a53dbfc7c8b9d042fa3ea4865c340212681fcb81403dbafca1186c6d58d5beafce7773460d09c393d4,526,FORD,2012.0,WHITE,Hybrid
5d7636d4b116cb2074313e3aa986f60e6a2c6e9d139ee195c3b5b6b118380ec3015690da0d8ef341be6877c476c249dfb2dde878a82e61da4003738a2e37d85f,2206,DODGE,2012.0,BLUE,Flex Fuel
1cc31b2f4d76828088d8adc7d136e984affe23cb1e9c2ad355094248c394e17896468a3ab27b3184e484402200ad3d43d151d248d2663dcff236b2def78edb85,5356,NISSAN,2011.0,WHITE,Hybrid
218100bdb8cbbbde4b4edf363cf5890c6bb7e3cb749f7f9f372a04a411494c53626afec36187f9e2a9eba22d5f6f34792dba246a5377da1396a9ad966004d4c5,513,TOYOTA,2014.0,WHITE,Hybrid
7c3f82ede95261d2a4198e2e8171346b8f9af4b4c8dd3f8bb35b9f70f7a39bd99100116eaa504891858826c875cdaef64a4b4339a4c6b37b1b3fbb945ad229f3,1670,TOYOTA,2015.0,BLUE/WHITE,Hybrid
7d0bc378eb719b0ec2ebd3a591307cd31b29d9f8b1e551524bd3380984e84216f822f27b49cfb44e36ef5db0692ce495bae714245dfc6cec32ef2292ae993cd4,124,TOYOTA,2012.0,WHITE,Hybrid
1685066aa7ec2d10661aa328fd7bc8599e0096a7154666f19f4bcd922d432c8e130bcb466e9ebcd60af4c012c5bffe495c2c2f9ba8fc435d8b64600706de4d62,794,NISSAN,2011.0,WHITE,Hybrid
026680639419aa9f5c6a661503df648c66c6621db33fee1c962aa046f31d84aad3db5277414db7651a6fbd9683aeb234029305d23293e87843c273b6eabdc8e9,2324,TOYOTA,2014.0,WHITE,Hybrid
9b649f4d2aeac91f35d3bcb6e0ff8c45585ac2173f3a10aeb780e35cfb74cb760ae7bb3e35c0dab3de61eb3c53857b049a8ebe99ad68f1bd9b01dbaf245c5195,2226,TOYOTA,2013.0,WHITE,Hybrid
9925605b15529d1ee587464258891d45685eaed9dce5745a45eb4ca567c49a1ed929354d901ef414807f69c98586b27b6a6d2f4a4637d562da088ba3645a645a,6664,TOYOTA,2014.0,WHITE,Hybrid
3618045f9110d4d88482266ade23659c1a50d32ac37f205c15614b1ada9d4ca14b171329afed5dfd81c7525bd5a05fe614cb63b2aa48d920626b519e20d9e146,4238,TOYOTA,2012.0,WHITE,Hybrid
de22250c7bf3b590388f1bd1c2f7ca36c525efbe4438bf71aad7da39ee308c8032d2eccdad140f9d829c24c8c035db715af3c3b075d067d573bc619db6d28963,5810,FORD,2012.0,WHITE,Hybrid
cda5896422c4f27b0e3e749bca9c64967fdcc5154b5341634280f3d8376f3ab84678a19f8398296d8725f8d8a51534a94bc39f6da8142727cb1e8a99403226cc,6623,TOYOTA,2013.0,WHITE,Hybrid
e7ae4bfc451080c89fe471cff9f01020a66b77927f5934248a4687a9a48b506830a9d3e42c59dc85442e56dea5998d141fae61ef1305027824004d30da02e596,2872,TOYOTA,2013.0,WHITE,Hybrid
3a48885f15669a1014b21c0c42213778bc14dafa34ed96c3f33ecf8db6a471960e011bc19b22959bf9862da48db95118674e5560cbdff6d77c022bd899b69457,1658,FORD,2012.0,WHITE,Hybrid
ba67862f32f99694751c43dd321917c087f898ffc13e64ed1ea0a300233b4ad49333c538b0fc0d3d9f99e939457cd1947ef3e57edd70f4dfeac9392715b356e6,1261,TOYOTA,2015.0,WHITE,Hybrid
70b14d29058c56f7132734132a01746b52993b772d9f220cdd3491d699ba2d49e2f329da96f47c8e983a6367dda0ea9f2b7ac8ce99ea38a2e4a156cc3ab501ba,4989,TOYOTA,2015.0,WHITE,Hybrid
4dee082550df0ce050828e9136e0d006b6daa586f5ef7f4766256650fb7717e11b957f7e6ba3a4b317b2914ad70a93b485af025d7b49fa730cfda2a51202785c,6834,FORD,2004.0,WHITE,Gasoline
5c1fa688d3a8f6869272a68a78afb7dfa57cd2e3baa8d359628960b35c085437bf180532f80b9b7dbaa92e5d5d5508c01596861059c5500dd1fd23599c6dcb25,4960,TOYOTA,2013.0,BLUE/WHITE,Hybrid
d6c943680ba205e6accf5144e8f16a03ad45f0201f193983a4ef7b0e5326e22cd2fa5a97d0fd2eb339f96ae9c362538113400c36ee5824a903847399d6a79432,4800,TOYOTA,2013.0,WHITE/BLUE/STRIPES,Hybrid
7ffcb3571e557603b63179d18b25326932d2a2144b14fb8bb1e720f66375fae3fb080ae65015c078a874a566901b81f3a3d87dc0112f2b7ff8e66daa217c5f31,2406,TOYOTA,2012.0,WHITE,Hybrid
ec2bf5df95cccda2939628973df4d270670e8d0dff548703cc967ba5b256ca54971eed0cd29e586131f8cd33dfb3d5b74c67a6cfe3ede83705f62acfd04c3a81,4157,TOYOTA,2014.0,WHITE,Hybrid
ddc301af37ee4eec4a70ce3ac1978ab0b8213660c4736e803249a72b090765e1ef6984cf55cd31547e1d4a89a682a97c07a3d75f541d31c27a87bba760ea01b3,4283,TOYOTA,2014.0,WHITE,Hybrid
a6175d3ccdaf1b21c6cbad5254c9af47155011a5a355a7005b4bbe61845662e02f92eca766520285e869a72fa4d9b3b461aedb20cfe2e3b395d9bbf4ca35bbcd,5554,TOYOTA,2014.0,DARK BLUE,Hybrid
4b0be6b79d41fe7dd5d6951ad555da4d4964ea46762ed5801d205f573ba487cf17db500488ae3a698883784360ecb28828e64aa803027525e7762f008f75a60c,4868,TOYOTA,2012.0,WHITE,Hybrid
ea73ddfdd7cafa796ab1e254ffe3240fb6936e6f390c270fee5f466af7615c61c795d216ac3a3ed4df4410b3e55bdad72ce95910d83f55ab2af7686b7047e9a5,5148,TOYOTA,2012.0,WHITE,Hybrid
dac680f28919eafe2f3350a8cfaf9d43d7ec95c5cb5ec208b75b1ce6fd5cc00398aad9608e622907c0229fda3a6ae55080d142ea4edd961be1220f8331ddfc05,2256,TOYOTA,2012.0,WHITE,Hybrid
959332bea53638e6c8071e91d96cd354a101887367f38c242108b1b4ca6b2e86e93d34ea47b09669305de511cf86adaa2521292422400c99fe1e0c46f60fb6b4,6843,FORD,2006.0,WHITE,Gasoline
1b0a05f16ca6759e00f934c5b39e93939b52bb1e28c114544c3c86021cd7018946bd6d40a1d26eb65b25f05f507e3034a54977fef773ed980f3ef57b881f7a52,4311,TOYOTA,2013.0,WHITE,Hybrid
8c43d212c027e85eda7666c1fa31c66b23d864448b3037244d767f29e166935f89f6be10bc137ae2f24834417496102b74dd5dddcc78ab53a5dadfab479a319e,2270,TOYOTA,2015.0,BLUE,Hybrid
77c293089364b3b6e57866472146a042cdb4998a686b6285554bf915b1738947419d94a20de474becc56613f2b3848a3e8c1da5529c4b11a1735f5f13998e4df,2166,TOYOTA,2012.0,WHITE,Hybrid
849aae5350fb22b8de2063a4f75bb82cbc4ec0ac52d1d86771f13909e3189bccc15702bbb0d6be0997c715a41ed663523fbe69c350c00399be43656621defbbf,2284,TOYOTA,2011.0,WHITE,Hybrid
22c06e3ec9587da0d7536065869f2da9965faf286be5837d6cc0472ba7098e51a103200268fec604e4da8fc8fdc604d877bd6be66ea74bb305e5efc749ce9d09,1949,TOYOTA,2013.0,WHITE,Hybrid
eef60e7bb68695582d37bf6722680d0861b302db224b029e65acb53ce06dac40de0a362bdc8f5e1123488812d91ea2ecfe96b90f2dc522e821bf427a2b8a439b,3450,MAZDA,2014.0,WHITE,Gasoline
249e37651d36393db2f02ccd49be41ee141887c118d4dfb532dcf7c7fdf37485932fcacdd87e0c1489c502f206c7e0805369f8507e2cdab57d2737d4b7d6e522,3286,TOYOTA,2013.0,WHITE,Hybrid
95d9e36dead9d2214abf08841ee39818c053ff98e616e45896bdba7b4110caafedcd9f6f937f3563fb07a3753ee28e6993ce90ee23be9b65fe7742ecdbd1acff,147,TOYOTA,2015.0,YELLOW,Hybrid
db9d76c74654e053b1f641fdafe6e459cbc9b2b74797ba90779ef77aec703250e4d663a60e265e142261eddf5d56eecb69f012d1eaaa35fdc04a88161927e263,6201,TOYOTA,2013.0,GRAY/WHITE,Hybrid
209aba5b6034a07ea30d76e0f4d9d8203b8dec78ff2577a2f6085e918d8017ce3c2eefab495618044a82be35167aaec7a90dd13730dbc68c99d148b36f1d99d7,5548,TOYOTA,2012.0,WHITE,Hybrid
90a71f0b104d6482286aeed6f5c74e096cc71d9cf766b78295487811df6d4e32a41b3051ed962c8fd50a2aa4361a16cd6a921c0102316948ff730c10eadd3566,609,TOYOTA,2014.0,WHITE,Hybrid
40fd22404c574889d0d3a27e8d26e6b1c9fc3a5fb41b5795a7a0ddd660e492b87b8cc6acaa268a395eba9f075ebb609d8e94d55338f171548146fab920b195e5,6021,TOYOTA,2013.0,WHITE,Hybrid
97823c761c479f871e8a72ed09e2ebe172b2b92780ccc61ee47e0f1b902af0cf30fa1a01f64fda4f9c0b8804fc12dbb1196e90a694b84f0abe0d60e353da71e6,4577,FORD,2012.0,WHITE,Hybrid
7a8e1d733e82192304f70e5cdd311ce576a01a8409988704e7789f4c3984590f888138f22bc4eca48e18700d5280343b6366d05038b4835c3808f029ce7ae80b,1948,TOYOTA,2014.0,WHITE,Gasoline
b58cb997d326c353234566055a0253e63d3291b0ce88b2fd096a1ff8d7f904f0f584557205d4e38eda5215dee79df2279dfc98c6c38256329546a9a02ca5623d,3339,TOYOTA,2015.0,WHITE,Hybrid
2eda36427e0a5394e90d77488294cd75e2fd87f04acb02c2db58dcfcf473ee221e5404b47fad3df4874a934c12a36244bbadb66f265cbab0c3ff00aa25ac3ed0,4559,TOYOTA,2013.0,WHITE,Hybrid
81bc2020b8536280419b3e152ad07a0c5b9f53cbb503a0e4e2b49254d4e359759e76256dab04c95c0ed69ddb5a89ce1f45d8db67bd7fbb101f91417b4ce3d271,22,TOYOTA,2012.0,WHITE,Gasoline
c7475fec1fa338d525948b60cc20c8a47905a257c68ef82a4c83aee2604374cf0ced7e33c2322b16c5164c2acf252d76e67812a3d9a0e320c258668b1e8598f8,1387,NISSAN,2011.0,WHITE,Hybrid
1ddba847fc4de45b48ae8fad94d4508f65725b899d5baa960de948d719f8044a2ccad212f9689d28a66d2903e35e097e919fa4c00477e3a8cf6fad8abbe38b76,555,FORD,2012.0,WHITE,Hybrid
6bc9a4b2f488c8531e48dd2a8c10459515b486fc16d78ae70a6244b99096d2658cf51cf9dd981a8aa05f3d7e6fa46809dbf53e80125333a9d4d336701f4a63e6,2607,TOYOTA,2013.0,GREEN,Hybrid
51a6c262c353a876d8b49b312079b8aed48c4a0cb117b88496c1bd801970e1f00a741404a026cdbd5115c87f3cca6b07d1a9434c9050cb8b8d1c578a8ce34244,5272,TOYOTA,2015.0,WHITE,Hybrid
153cb22f850a08c9f53fad42c06ae36f72e23b58abeeaaa38dbda50123ad9387fa76bb8dd4b0d45039adb61efaefda573b7f0cd7a9e177de58b31fdd806172ec,5564,TOYOTA,2012.0,WHITE,Hybrid
6d713653060ecdea87977f52347616222d8d43921341ec38052485a003b9122b8973f8b165bbac0cfbade63e80f0a9b03fb30a39ab4f92452214e7dc27aa29e5,84,TOYOTA,2012.0,BLUE/WHITE,Hybrid
8d244ca7880d8bc577b2df7437881d2541771e62fd57a7470e16ed8e6e614b799df8bc44c86a11789e86661bcdc4f30a35463f6bc9ec0fa5ccf9a4fafb68edc9,6503,TOYOTA,2015.0,GRAY/WHITE,Hybrid
e66fda1ccb74370f018cf60c3b9de87f876b727437fcc37ffd3e53d719898daa4d7b5a16b30d015d83b60783f3ef17db88b0db4eb709f29cf96150c2e4fa1de9,3387,TOYOTA,2015.0,WHITE,Hybrid
43ef7f4566fea42196dd20301358f1d375ebcb921e3a3aef0f8ae59c0265c798f90ce4b855ab8a73f37ac80bb61abfc5c51dcd8b855fe998d49ae8a363a71813,6037,TOYOTA,2012.0,WHITE,Hybrid
d159cef2134fb0f568e6627f0d09274ddaf38cd7b96bb1d22ba1a820ac89299c7157b7fa91e656943799b229c9b49f5e8c0fbb7073cfad9e0e97ddfc9e2972a6,273,FORD,2012.0,WHITE,Hybrid
c81a672f30763423ddc7abac2b2e20a2f1ea045088ef77c48fd28823020204b955ebb5fa6cbc3b927c6ee044aaae2f09f174e1dac4195c8a378c14a2cc952093,2309,TOYOTA,2015.0,BLUE,Hybrid
de42f8191f3b8079c680589098c5f3f6e2d202e98f8a816726b78a20517eacd4e982bbf96a6bf1ab6f637374af7daafdf85a60e6a4be1688a1317cf85283401b,1427,NISSAN,2011.0,WHITE,Hybrid
64462077d1577c4a55e4c497d4a19e663e4c9d23b13b1071a427c3240707fc67447cb7b95e99105ce2ab0ddf541b05cbe1c7ff2bc28d0906c8a38aa71ed1b201,2153,TOYOTA,2013.0,WHITE,Hybrid
6bf28ce74fd9409f6e90444f26011a39fde5b4eeba19e2b77c9b9020905763db331c2a92fdcaad28ed0cdab55ada2a796a1f86a185110558adab12080685be08,6665,TOYOTA,2014.0,WHITE/BLUE/STRIPES,Hybrid
7e578e36c039cde0bfd06ba476de08ffa2fcd69726a801d2c5ca5ca9ea8f3147ea571aa9d7cf24d5a4f927e69ae014966d9822519a5f185189bf70d736c78a4d,3448,FORD,2013.0,WHITE,Hybrid
7a44d1655eea488badca070f84c5a50dc512dccdca7f19a0b5d718788ae716b406ac71f39be01d4d0415a8b21b1106c229e79cb4331ae44cbfe6842a5df66b47,6767,TOYOTA,2012.0,WHITE,Hybrid
d8e6b4411348ff9244745c1f641c573dcae5d3498cd79ef32ce7c258048777e2c1de64ea3a2787a3b3cdd8553c45db8040252a6ac0cb885bffe3b86a7c41ecf8,2326,TOYOTA,2012.0,WHITE,Hybrid
2ec07cbb1d4cdb047db73f997c29d1e1f126dcdab65658837d4580e860a7f2ec4eba74b5ee6155e28969e9ecc5b63cd745f0b5fb53245b3b0d4aae38cca5011d,5859,FORD,2012.0,WHITE,Hybrid
381073dbf3ae4b93be75dce656280b6e97811a6fb3571094f7ed7a4f672ea86d5119d818eaebaf0ed22ccdc25fe004e56e504e707555e479fc50c840f330f268,200,TOYOTA,2014.0,GREEN,Hybrid
257a2a2470d7c964f3ccb30bad62658b0e63aadd59e8d62836106fb867f84b433546373abfa195770a5345088da8d1bfbf45d7c0dc736470a660070b758e18c4,5714,TOYOTA,2014.0,BLUE,Hybrid
e0656223ab9fd20677679e0feb37cdea1ee240072bee54989fd7414dad8345df1c27a97e3654b8676393030a0a4fd2db915cd9ca9cc176809397b793602c5a9d,5730,TOYOTA,2014.0,WHITE,Hybrid
b38cc11899e213a828f18838538613b0328a1df9062b35227c04314a51ae84ac529d3f69f825b1bda5aabadffcbd4925af3d8feae40dd3410acc392faa48ccf9,4789,TOYOTA,2012.0,WHITE,Hybrid
c2c0004fd20a198ec32911e113c5d77c876c0420932391b79e047b6d59b96f2ca9b69c10cf8d59b1387b65d44285e7c3b7b0609d1b25eeca9fc55b5c85cc4f36,6905,TOYOTA,2014.0,YELLOW,Hybrid
90a237f44dd8562ed2dd9592e9e2c3ae18aefec6aaf6299f510fb4493418410d282241196515e27f3a68aa708dda1879abb3819cb28d4983938a59d0c0cd9e63,6609,TOYOTA,2013.0,WHITE,Hybrid
9f36a74565961754f400b0ce36ff675229bed2d2564710b53f7457a6b8adb881a8ce96161649005ec3409517878501a5722a6de9c36687599f9cfe2dd5761d71,2175,TOYOTA,2013.0,WHITE,Hybrid
90d82d0c386e5e63d3ed50d72fd27b3031812a116183f5a843aaab3908c67f66f220f22aeec4c4d94fc688ec297b18d5114ffe466c6c8a0633ae120059f55cea,3599,TOYOTA,2014.0,WHITE,Hybrid
09f0db5f3f9d0086ac733f395e6a610b3ed9356f0c2e63d4fd903ed89b4e554aa22413d4007477463aa2b5716bb2c90345b9faa0940735b605397f6318b69873,316,TOYOTA,2015.0,YELLOW,Hybrid
289c22d19b2a56d1862b29ad484f93c4caa9c20e960ab96e8b037e0d6ef1e2d06e1e8ebe389ba8e44c838d700415d8b6395fe07832625396b9a1f2fb1f3df705,761,TOYOTA,2013.0,GRAY/WHITE,Hybrid
e988dafb4bf8d8eb2b0fa25b1bb4ec2ac587056b2aa51cfd870bb512cc2b0546c1813fddb25e81bf962d2aaeb62de7ac949fb853cdad8e5d645c38c042dda898,3641,TOYOTA,2013.0,WHITE,Hybrid
